row_id,full_name,dob,phone,national_id,household_size,location,category,wallet_address
R0001,Solange Bol,27/12/2002,0779399951,RF24702963,2,KLB-V3,food,GBS6XLTGX6Y2BCEVAMPT6TYL3YJUYZ3HGASMG7PDBOHPYM5MI4WIUONQ
R0002,Amina Jama,1997-02-23,0711165920,RF63177508,8,KLB-V2,food,GC4SSDS32O34GREAAQV2XB3K3ANE7Y75QVXOGYDM7VHPEEA4OPUJBZKP
R0003,Nafula Nekesa Mukhwana,1983-08-02,0762 976 802,31334029,2,KKG-MUM,agri,GDBIZDNF2LCR4Y274FKX4LNUMKOFCSGKQHCIPTFRVHFBISMZ4E7YPUF4
R0004,Idil Abdi Bizimana,1998-06-20,0756732748,RF59526978,5,KKM-K2,food,GBSGTGO4BRBVWBAOQJTVIX35XCI6JFHGKPMRFL23RTPI7Y7HQUFJR6LS
R0005,Khadija Nur Nur,1985-08-25,0713031274,RF26762153,7,KKM-K1,food,GCF5JDFNQT6XHIRS2BKDR5VK7HZCW5A25AG4PCNQO72WYCFT227HP4NH
R0006,Maryan Bol Deng,1981-01-06,0743 757 857,RF70049279,3,KLB-V3,food,GCVHBOCLSQFLMTAABYOKSXJB7IANE7PJRX7TSFYXFH2ETSMOGRDMX7WL
R0007,Wycliffe Wangila,1968-05-01,0787132414,32459919,4,BGM-KBC,agri,GACAAHG5SOKTEASR2GBPJTCGC535NAUGGISXH5OH3T2FEMTQGXIU6RSN
R0008,Idil Egal,1974-10-04,0764183018,RF93290744,3,KKM-K4,food,GCKFENB4DARWSIHQPX5UR3KNVIZQ5MVAMYSYVPNWISVH4SUEXYRNUNSE
R0009, Sahra Omar Akol  ,1979-06-09,0726 544 253,RF89779388,2,KKM-K3,food,GCDJRKVZNX6Q7PHVUSRPUAQQX5TQ4667XVDMFJCO7ICSTM6EA5YCCZCD
R0010,Naliaka Naliaka Barasa,1967-12-01,0717478663,35287108,5,BGM-KBC,agri,GAY26446BVOEXE7HYTEYAGS3WHGB4VKRJ7GPJLRPZNII5D7WQQZQDPNP
R0011,FURAHA ALI OSMAN,1962-03-27,0787 009 579,RF55210326,8,KKM-K3,food,GCTJLY7ZRJ2MYPL563QWBWKBSNFI2CT3F4V7KVXNEJU7HYUKULSA34FE
R0012,Bashir Kuol,2003-07-08,0764968063,RF83942080,6,KKM-K4,food,GBPZXJNBHZGOLUI2YIMIXULBT5UL3A2BXYFL7366VCTGXHK4R6AZG5YK
R0013,Sahra Guled,07/04/1982,+254781570945,RF86424373,5,KKM-K1,food,GCHG4LT3ODT2HNWLKM52CD5KPE7RG75YIBHYTVYTFVGGPSMDSWA5MZWT
R0014,Fatuma Garang Hassan,1977-05-25,0745090170,RF16187350,2,KKM-K1,food,GBGLQ3PJRW5NSSRXTS4PPLNUFBZK3CSWXKNUCFLVJWOT3KXA67XJ4YXK
R0015,Achol Kuol Niyonzima,1970-10-26,254786521766,RF40673463,2,KKM-K3,food,GAU5I43XKVXWLPHP55SVKD6ZCCEWVOQYZWZRAPLFVKT64ILL7DW4VHU3
R0016,Benard Nasimiyu Khisa,1994-09-08,0700665733,27087814,7,BGM-KBC,agri,GA3VBOFERTKTP2ZSKCIX6V5PF63LS7XHXA4WUJWAF4MFMEONHEGMAKOK
R0017,Hodan Osman Ilunga,1997-08-01,0733 846 728,RF42681162,2,KKM-K1,food,GBH2TEP26XSA3HFRA2DQVNA7OXU6V4TXSMSMUXWF4UFQFMHM5V2SXXKA
R0018,Abdirahman Majok Kuol,1970-08-06,0795263128,RF52733462,6,KKM-K2,food,GBTTHQKF5ZXWQTAI7Q75YPLWTV6PND4ABIQ3AETWIHLF4RSVITQEL5KC
R0019,Ahmed Farah,1964-07-23,0759644878,RF38524407,3,KKM-K4,food,GAVGGPNR2H44NAE73VEFDS34YNWYABIFPDODFWDKY35SC46JBBXI4X4O
R0020,Juma Wafula,1971-10-24,0700926264,20037514,8,BGM-KBC,agri,GC6O5E77I225IGZFMVII26WZDBQLSN7T6N4LKK5T7DGF5IU5YXAP6MIQ
R0021,Chol Kalonji,1967-07-28,0795203616,RF64347881,5,KLB-V3,food,GBAUKOPAKBXFQWGEAB3NTEWZDS22NP27CDWUTHPCKLQHLJE7UKZFPV77
R0022,Amani Alemu,1987-08-07,0753010704,RF32736395,5,KKM-K2,food,GBL7S7QPULSGVJHS6UXUFTUCJ2QZ2UZY67WKV7GBFYKICWU2CJJ4KGX3
R0023,Rahma Majok,1989-07-02,0792 703 074,RF18520449,4,KLB-V3,food,GB2D6SKFGIDBM7UTXE56VNRFAFQAMXXIPMYJLODG7FATWWBGOB6D435T
R0024,deqa omar jama,1969-03-22,254751653470,RF58205692,2,KKM-K4,food,GB254ILUKWW5FWTA7PXW5KIVQZMTQCYZYWMNJ5EDHZ22UQKHQG2CMIT7
R0025,Awut Abdi Gebre,2002-01-24,0757 359 867,RF37874748,9,KLB-V2,food,GCK6SVDQI2WFGCRRDRQQGWMQFEVJJJBRDZSROPNLFPD6LS2MX66ZVWVA
R0026,Claudine Hassan,1960-06-19,0707439804,RF17494164,8,KKM-K2,food,GAAN522VGA7YDXHTJ7C6TGGUMBA2IDEXCG4SWUVVMSIN5ZL5WMUWXRNK
R0027,Rose Wanjala,,+254788677381,22368287,7,KKG-MUM,agri,GA5WUBZYSRROUWORVAHOWK5YOQ4BBVNCCW7DE6NZ45TUKUC323TQREPT
R0028,Deqa Akol Majok,1965-10-21,0747 795 612,RF31822456,4,KLB-V2,food,GBUDST554BEDQ5MTLUZHVBKYL72NSD33JVGQIYXWT67BLAMXAGD7DPH3
R0029,Lual Uwimana,2002-04-22,0747150780,RF63762743,4,KKM-K1,food,GCYVDDMINQTDXZH6TJIJNW3HS54EXPNSABOMEZFOENCO4IV4VUYDFWA4
R0030,Amani Dahir Isse,,0739570076,RF57503808,5,KLB-V3,food,GBMA2VODUCADT2YF4EEFZQPQ6LU6677WKAC63B2BXFC4AUOBGTGCZWVU
R0031,Rose Mukhwana,17/03/1994,0758868132,30003922,8,KKG-MUM,agri,GAQ5WTDKVSE4LNPGLASZR7PLPOBFCC7J3AKJIIKGTOVP2L2EEBDOKRWY
R0032,Machar Akol Alemu,1971-02-25,254743060727,RF55911223,5,KKM-K4,food,GBGY6PPZ2OASB4OK45UVQ66FJFBKBB2LA4YTEVB4L4P342EM75IVLIR4
R0033,Ubah Hassan Bol,,+254718785709,RF68076034,3,KKM-K2,food,GDX3C6NOQBZRTG6JVJ6OHVXXTPQ7GVTUVIRBR5K5FJN24UEQ3VTTZMPD
R0034,Hawa Omar Egal,15/02/1970,+254765539377,RF25386846,5,KLB-V2,food,GCMP7CPTTVCZEE7VK3JBVDEVDOPBBJWXOEQC6F7W7S7ABCU3C3ZGOAKN
R0035,Grace Majok,1982-02-11,0791209385,RF81115093,9,KLB-V3,food,GDSNXH2YRHBEECXC7MANXBM3J773BWXQ3LIXHNCYAMSKUW6U5KF7OWLQ
R0036,Bashir Majok Nur,2003-04-22,0738636619,RF29088719,4,KKM-K4,food,GBP6UN2HC2D3EEYXF6FDST5GJNFTC366ODZWRPEP63VFLVOLJCLJJVMY
R0037,JOSEPH BOL MAJOK,1989-07-28,0702 231 521,RF37913643,9,KLB-V2,food,GCG3RERRTTY6GGIDYFVIIVWWNBIYDET4RDTGTPZJEWXDF2KKXYHCNHJZ
R0038,Asha Majok,1977-10-04,+254717848223,RF80927550,5,KLB-V2,food,GBIRISEXBTQYD6M4GW52YHLT3CPGDBJ4KYJPFDXNIG7SCAOJ466R55NN
R0039,lual jama ajak,1992-08-15,+254744198630,RF17591482,5,KLB-V3,food,GA66HTE776ECOFJ7L2UCT3F7VEZRUDU2ASYLOCXCMEIMA6AJNAZM7MLJ
R0040,Grace Mbuyi,1958-01-14,0762 845 763,RF47298440,2,KLB-V2,food,GBCKBY2MB6OFPOCY36ZURO637KRNM2UPRWUBCK4MSVP2QYXK3G5I7YJ3
R0041,Jean Aden Nshimirimana,,0750594988,RF43820597,2,KKM-K1,food,GBOXAIEYO3ZCUMAVAYMLFCQ2RYHOER33K6YMZ7HGAQU4Q7RQMTIVFLXE
R0042,Nasra Deng Malual,1971-01-06,+254747107492,RF84814626,3,KLB-V2,food,GAL7TSOUTMFZQU7MZPSCXWZFSJCI3GS35KZZRLUKZ5NC3YR5ZLNBG54E
R0043,Abdi Nur Ajak,1979-09-26,254716410648,RF59791069,5,KKM-K3,food,GCSJLBYGA7EHITHCJ3FRYMYFUN2XMZUHUGCJGAHUB2PAVNNHRQSXWEZ6
R0044,Faadumo Akol Nur,1989-12-28,0779 426 267,RF54858894,3,KKM-K1,food,GCI2W52TRCON7MHHTFUGM3NQSV5O5BEWRH2UORD7YJNPJDPNBET5SSRQ
R0045,Jean Hassan,2002-05-20,0724378322,RF71622303,5,KKM-K4,food,GDONM3RTS3VEP2Q4NAUHD6E2JC5OVRMRLKN74U22MQB54MJA2IKLDAHX
R0046,Jean-Baptiste Niyonzima,2004-05-28,+254705243097,RF54791394,4,KKM-K4,food,GDDU2R2UIMOI4SJKR3BFT53AJF5LFAE6CBENUOTBN2DGURIK3GCTAYJ5
R0047,Ubah Mayen,1999-02-06,254709035635,RF91456509,2,KLB-V3,food,GCUO6354SMKN7YYFM37FKP2M74MYGBG33J3SGBEED44ZRSRZXUPZWC7C
R0048,Faadumo Nur Mohamud,1983-12-06,0715606250,RF24303657,5,KKM-K3,food,GB3DVQQKKCMV5MY7IIESVIO2PTLLCNRHILEPYIVQAAP34QW4UZZEIHLA
R0049, Fredrick Lusweti  ,1959-02-10,0720037608,29607451,6,KKG-MUM,agri,GBGN7NFEXL7DAH3XJ6Q4ABJDDLMBCRYKSUEVKHQBEAB5HIWVYX3HXJH2
R0050,Ibrahim Abdi Deng,1960-03-06,254726917025,RF74884556,4,KKM-K1,food,GBOK3Q5VRKND2LHDH7B2VMVZMNQYNSJOZ5A3SLEIIYOPMULLS6N5APBQ
R0051,Christine Naliaka Lusweti,1992-01-27,+254794496368,27625226,8,KKG-MUM,agri,GD64YRLXFMBM2NJCNWPWSSZHUOEWNQFPPNAK4BZEIWD244XRTV7S47QS
R0052,Adut Mohamud,1990-05-26,+254799475640,RF55243871,3,KKM-K2,food,GBXB5NVJYC5FVXGAO7DHOR6DLEXLFX3VR7ZOKQQ7P6OG2UWKXLVD6BB4
R0053,Ubah Habimana,1984-01-24,0739013432,RF16732276,4,KKM-K1,food,GCSGK3ZPID7UJ7CYDCZLI3DYN6IRCNJ7HS3L77GLA62UDGVLH7ZT2QBY
R0054,Deqa Majok,1991-04-01,254786146356,RF20949243,8,KKM-K3,food,GAL7XUL5HDQ2VXJQFTVSV2T4OK2BXLRQKT2FRD37CKVDZHOP2WLA37BR
R0055,farah niyonzima,1980-09-17,254785932788,RF11799801,1,KKM-K1,food,GAXYGZFXL37IS5ISOJKXGKKU5RDKRY62V7AA44I55DTMEVTO27DLHFA4
R0056,Ibrahim Egal,1959-06-18,0787566961,RF15701060,8,KLB-V3,food,GCUQPW7FRXGGLKLYIH3DW43WKQWODWJ237Y63KK3ACMQESCMPEDVOZ6B
R0057,rose nafula wafula,1998-05-26,254762401868,29611381,3,KKG-MUM,agri,GA4VAXCHTG6WBPXCN3OELIHXOMYRYLTQSI4YY5JRM2XLWZDNXY3AJPJW
R0058,Khadija Aden Majok,2001-08-20,0781 092 135,RF90757575,3,KKM-K1,food,GCNF5C742BERAP33LVEDDCYN23RQNK2FONHYTXJ6E52HCOUUR6S7QL32
R0059,Kuol Majok Warsame,2005-05-03,254784585445,RF61300692,3,KKM-K4,food,GANNVGOJUTQOKPQLFVJXKOQCTCRHK4BH6NEVBOAJJ4MKVACSAMR7OWXS
R0060,Ayan Hassan Uwimana,1975-08-26,0798 860 565,RF16740008,3,KKM-K1,food,GCCVR2PSPBHTMVIDYAB6HDBQPAPI5IUHY46OEFJECVMSJMBKKOFQCSKG
R0061, Moses Shikuku  ,1961-05-06,0771039279,35086570,7,KKG-LUR,agri,GDSBBOX4XD7EHJOP7FRQQR47QKVFHSYNLJYKNSJYD4A7XSGACYHVBCXK
R0062,Amina Deng,1992-08-04,0746923656,RF83263258,6,KKM-K1,food,GBKVNIXKOECS6I6UATBNQVRM5ILL2U7LWYLNCI2GV3NNBOQRX3BH7Y4Z
R0063,Hassan Nur Makuei,1978-04-07,0749651872,RF31093712,4,KLB-V2,food,GALE2GZLPMQ7PABC44V6BMCIA7JYJ45J7UBHGPNTUETGXLXOC32UTLO2
R0064,Nasimiyu Shikuku,1959-10-21,0747 745 584,32847002,5,KKG-LUR,agri,GBQLHQY6FMMCI4PXUUOQJJX6TXMYKEBF2MVJSWBKMEZUGLFASPPY64G2
R0065, Everlyne Nekesa Wekesa  ,1980-07-24,0756 397 491,28173213,3,KKG-MUM,agri,GCOIOJFB4JJD3ZFIQ3N5K6XAPASMP7G5F4ESOG6BMMT6OONRQGMO4TC6
R0066,Hawa Makuei,1992-03-19,0770203586,RF88882207,4,KLB-V3,food,GAJJVOA64OMGEYOBTJFQQ6D6OKCY7RNSL6N762DVVAVBLBNS6TNWHRTF
R0067,John Kituyi,1979-03-15,254703659492,28438679,4,KKG-MUM,agri,GAWCMMR7W7PLMWRWXPDXZ2LFMVSG7WWU33VTHFFF6RJL4BXMLIXXU6ST
R0068,Mabior Egal,2003-10-10,0700 841 342,RF76100100,6,KKM-K1,food,GACGAEWITUPWFZ5OMIYK2SM3ETX4MBHI44ERPA7MA6O6RKOZIVXJKPBA
R0069,Abdullahi Akol Aden,1985-11-20,0764653638,RF45585619,5,KKM-K1,food,GAM5XJZELIIQ2RCSHPU7NL3FNOJOUQJUYVHVBDFIMHCLFMDLQVZAW2JR
R0070,Mohamed Malual,1991-04-06,0725178623,RF43317670,2,KKM-K2,food,GCA73OFQYVZ7MAM5SER4XNS2G3MZCNMTVDSFN3F726FEOFA2CO75YZ56
R0071,Khadija Dahir Barre,2004-06-26,0774 446 306,RF69571992,4,KKM-K1,food,GCKRCGGJIUQ4PDYAV2VZRBN3Y7OKBXOSECP6HZ6CNCMRTAIYVTBGLDKY
R0072,Mercy Farah,1959-06-02,+254769811035,RF29578564,3,KKM-K4,food,GBVUPXAQQ6EMWGEK6BS77ICROTWHRSWZAN3OBVTH562W6J2B2DJ4UP6X
R0073,Ayan Bol Alemu,17/09/1959,0757 131 373,RF84022530,3,KLB-V3,food,GC43OO72436ZYPI5RSALDJM63WORR74PCG6D75CVUNMQ73SJ4Q4OVHT6
R0074,Nyakuoth Aden Hakizimana,2006-12-03,0728879334,RF60564730,3,KKM-K1,food,GCP4BPKYHWCW3F233DT55CECVTOUT7SGP3WI5UYBVMPLH32XPJ63HEKP
R0075,Sagal Uwimana,2004-01-02,0743749767,RF93981546,1,KKM-K2,food,GCNCDDBJOJZK7ILCYNRUOW2FNLFRJA5UHWMICUKLPLAY3ODGJ5IYDFGM
R0076,Lual Aden Guled,2005-09-11,0718 882 091,RF82385919,3,KLB-V3,food,GCNE2LMH2BCWDB42AWX26FQUJMHXA7JS6YRNDJ7LJVAAT6UTWMFCTW77
R0077,Aluel Deng Warsame,,254784513472,RF39034766,3,KKM-K4,food,GAP43FEUQ5JPBAI2NPRKAY7ABAY3ZUILBKFANKWTR56HXHD6CO6YCSED
R0078,Aline Bol,1970-02-25,254786452523,RF35374915,4,KKM-K4,food,GAJ3MQE7V2WYYQPYXEPMKKUUKDFVIH3BHIPHD3L7THMYYRA267WQBQYT
R0079,Asha Alemu,1974-10-03,0740 986 039,RF77722236,6,KLB-V2,food,GBEE5PYDNGU2ZBQHXKHSCUC25LWH4O6KX3RNO43CA4CONPN2E76IHIAN
R0080,Beatrice Naliaka Wekesa,1962-05-17,+254771783794,35755306,5,KKG-MUM,agri,GAGHCXNDO32BLFMLG5W5GE27FJGD4CI2EOSG3JUOSKKK24CJBYNO5OLH
R0081,OMAR BARRE,1969-11-09,254746523761,RF12575261,4,KKM-K3,food,GDIGWL3IK65U5UBG34WPPRWP53THIOA6GOZBJOX7HQUEGQPYRL6LFCXY
R0082,deqa jama mbuyi,2005-07-16,0786705833,RF25590306,3,KLB-V3,food,GAK4OJKCQSETF5IHSUP7GWXT5OYFQLE7XS6BKKZSDQAV7GY6QIIJFMCI
R0083,Peter Wanjala,1993-11-17,0784 798 287,27896104,5,KKG-LUR,agri,GB3ZLUDVJAWIYAZEFLMHLQNO5UWKFONZRQLAPOKKREPPIW4XOA3SWFYH
R0084,Hawa Bol Aden,1985-06-01,0780223085,RF58190820,9,KKM-K3,food,GBTMDRTUDBNATQ5ZQXDVTCHGKZ67AS5DHEI4UANZTGJ2VCABKTYQRTHS
R0085,Deqa Mayen,1986-02-15,0709691413,RF26892120,5,KLB-V3,food,GDQSAOQXRE7XODH3HOTKRAMGN3STEHTU6JKVJWULRMOWRULFSFNU65H7
R0086,Hawa Deng,1980-02-03,+254785967896,RF99064839,6,KKM-K3,food,GBF2XT22YRL52I6ECGWGZHENCVXLLQG4D5QMVB4OT2YARVRZYEAYZUDF
R0087,Khadija Mohamed Ilunga,,+254740714893,RF65852607,5,KKM-K4,food,GBQD3PCHFDHVT262HF4BUJYAF7VKVDHO2VWJORP4V62QPTAG2PKEZCAK
R0088,MAJOK ILUNGA,1993-08-11,0742 873 052,RF95721773,6,KKM-K4,food,GB3J6XBJ7KAQTZSTPNRIAGIO5AS6RTWG6M2Z3H3HVTWWBKUW5HR3MDR3
R0089,Chol Hakizimana,17/08/1971,0797143811,RF18508530,3,KKM-K3,food,GDJ7QBDO7Z3IVEOYLAMECB67G3WXW3ANM4EIOCE55LUMVHEGY2SGBGBQ
R0090,Halima Nur Deng,1982-10-21,+254781752616,RF66091190,6,KKM-K3,food,GANNVQO6M5RXWZJCYDT5M5HAPMYY6HIRENRE2HNUNQCQULHLRGXMBEPB
R0091,Rahma Nhial,1998-12-21,+254778322172,RF43245282,8,KLB-V2,food,GBWADGXLF5M4JHLGZQJQCX5YLWBF7EBYAKY6NWTSH2NPLHXFHVJQUKDN
R0092,Fredrick Namisi,1973-06-01,+254770258373,21022694,3,KKG-LUR,agri,GAFT5TX555VX7RTBSHX6EBE4CBKJ6NKM3JIJB4ZU6N2L6PCV5P7S6JCW
R0093,Hawa Yusuf Kuol,1963-04-02,0787329875,RF16808178,4,KKM-K4,food,GBIWZLZAHET755Y6NDR6QEYQZWZDLEGCOUQXHBUEIIDQFP52L5U2LDWO
R0094,Metrine Shikuku,1961-05-21,0751 743 454,26245547,4,KKG-MUM,agri,GCEJ6JUK34HKYSVQEZEHGOVQ46MFDHT27HS7X7ZACCIV5O3CVT6MHONZ
R0095,Hussein Ali Jama,1981-11-14,254758518767,RF74318852,2,KKM-K4,food,GCNR7FHZPREHBK6IC4GJAW54K2BT5C2EGLRCSTZ6FGQ2OURLFWMM3RG6
R0096,Deng  Ibrahim Bizimana,1985-02-17,254712125207,RF16466283,2,KKM-K4,food,GBL2JUQPAZLIOEQ46VQ2QNDWSX7MMVGKBSH3LHGPA4IJIXM5RLTLWJBO
R0097,Sagal Osman Malual,1977-09-01,0796 222 937,RF86220293,6,KKM-K1,food,GCSNZ7RFI3XHF7HATQYRJ2NHTXDFV5FMWHYEVDNJQKV5C2AXSHAFNWKH
R0098,Nafula Wangila,1994-11-18,0740 927 105,31699276,6,BGM-KBC,agri,GDPGKP6SEZLXSL6NSVJ7FHWIU7HAVIOIUKZCTR2YP46U4N7PSTON46IC
R0099,Jean-Baptiste Isse,1982-08-12,+254749888651,RF59305715,1,KKM-K3,food,GBJUFPUUXUQCRTOZZUAY6UFTMI5Z3O6X35UGCXIQPX3VTZRTCXQM2H7I
R0100,Achol Majok,1961-03-22,0713379342,RF66346541,4,KKM-K1,food,GB4NI6EU4NG2J3TPBGZWNKSARZ3YQ3Z2457KMR46JRHE4TERIMF3YQQM
R0101,Abdirahman Ibrahim Hassan,1974-01-20,0777854988,RF93251036,4,KLB-V3,food,GCZTD7U3RNLUVJ62N67GTUCXMKTGJVAFRNCF5IZHCDDWUNDEEAFAQG6V
R0102,Aluel Guled,,+254752714761,RF72043455,2,KLB-V3,food,GCUQ25TOSW5JOSMUOLSQVIIAKR3WSKV5LG5JPACBLYW2QQKRTI7VKQCH
R0103,Abdullahi Ibrahim Malual,1972-05-28,+254713293246,RF78950355,3,KLB-V3,food,GB4ZWMWHWQTLLQNIG3VOYFRWET2SMQAJ4ZVWNDB7W3OSK3WDPK6IBKP7
R0104,patrick tadesse,1971-02-16,0781290473,RF93706369,9,KLB-V2,food,GDV7S762TXWCUW6NL35P7Q34BTA3FUAJ5FU6V7ZGR6MJM3QY3EBZIEMJ
R0105,Fatuma Bol,1968-04-24,0795477943,RF28866464,5,KKM-K4,food,GCBRDSYT6V725KPMNLEPXI6WB3H6ZGPISYIYI5LYVOLPMDVNL2H4S3TR
R0106,Divine Kalonji,2001-09-06,0798 198 501,RF58693047,8,KLB-V2,food,GBD6J56VTI4PL6EHR3JOVBG7MVXSLURTOBXTR2WLTA2JI5GLK2SLQV7P
R0107,Pierre Ibrahim Barre,11/11/2000,0749287552,RF59148363,2,KLB-V3,food,GAU55WGRX7CXSQNYIC45NEN6OWIVXJ5NREI2XBUUPPWQDSR6MNINCZCD
R0108,Nyandeng Mohamud,2002-05-20,0721430108,RF37523965,6,KKM-K4,food,GDASPRZGOUNHHKC77YK6CTCJV23NTQYQSC2EDAAFNVTVBQ2GTL6GPVTT
R0109,Joseph Abdi Farah,1978-02-11,254702718862,RF80707702,6,KLB-V2,food,GDNIQ5GEDB55GTI6VOTQPMYFGEYUM3YRMPMZ5K5VL6AGY3I7B3CHC4NL
R0110,Ahmed Kuol Ajak,2003-12-11,0726686604,RF97130119,2,KKM-K2,food,GAUUZ4L6A3B7UGO32EODPQDSJD2YHS5T4KIE2KJ7QKR2KODK2KTY3YWX
R0111,Adut Niyonzima,1959-01-01,254782098563,RF19388414,3,KKM-K2,food,GAEKT3QOCFBA5KNUEU2NMALPRWTSOV72FPLP7ZIB65APY6IVAISU5XR4
R0112,Nyakuoth Abdi Niyonzima,1965-02-27,0753965996,RF74246747,1,KKM-K4,food,GBPDPKXLJN3A745MLKBMKYDLC3RQKEDUWZGIEN73CNIRLG5Y47EIJHD6
R0113,Asha Ajak,1999-02-19,0794236180,RF58034771,3,KLB-V3,food,GD7CO7LAPUB774CMGNT5PCHNXXYHLFRLHOLNBJJKX4SZGJWKKGVBFMR6
R0114,Nekesa Wangila,1981-12-26,254797610762,21949126,4,KKG-LUR,agri,GBJOG7PF2V5QN5H4BAAFS5PTNKOORTVJ4KKNUA2QO2JZUWH6HQNUFUYA
R0115,Claudine Bekele,1959-12-15,0760240930,RF21626755,8,KKM-K3,food,GBPZWCGTMPLMXBOX7GOMB6FYFUUYEVXELZCCOGXFAKSCDDKH747BXNRK
R0116,Benard Lusweti,1965-06-28,0718 677 279,34147125,3,BGM-KBC,agri,GBF75LFBRGILTUSHU3BVBWTMZS5BIBO65XQF5ZF6PNJE6ZHZVCK37DXX
R0117,Hawa Jama Uwimana,1997-12-02,0738240004,RF39676558,4,KLB-V3,food,GCFGGYWILWLSRNLH5ZEMOV6KA65HK2Z5D62PKQ5FXWIDFSYOERWKVWEG
R0118,Idil Uwimana,1960-07-26,254716408538,RF61064710,6,KKM-K3,food,GBFLJRPWJ3H3Z6CIGEBPKMY275MFHTGCPC7OYOWLGISJGOW44LPPPBHX
R0119,aluel kuol garang,14/12/1960,0764727705,RF77033568,8,KKM-K2,food,GAIJCPNBOHLHAND527MUVJF3AKSODCZ5JLJCGPHQT5DH5YTYCT7U3XAT
R0120,Hodan Nur Farah,1993-01-04,254792312950,RF31256595,2,KKM-K3,food,GD6C4Q5HF6B2BJW2MQ23OBIFMJYPYR74XWG66KFJN7SJTKUJBI2P55S4
R0121,Garang Hakizimana,2005-12-19,254752757288,RF69504599,4,KLB-V2,food,GD6HUWGXLA7KJA6IM3JDDOXUF3GCDMFIZ2L5GT53IFBMK2JNE2FA3M2N
R0122,Achol Malual,1959-06-15,254726714344,RF82860875,6,KKM-K1,food,GASKEKHVPPAV5SDIEIUL2YJFGC3VRQOLSOTZFM7GGTGFTZ77NAXBB5KK
R0123,Innocent Hassan Warsame,2004-10-12,0753390368,RF35242000,6,KLB-V3,food,GCAPG2J2BT3G6NH3R4NS4FGKYRF6BSKOFQH6XSA2M5OQ2ZXGWIQLJTA3
R0124,Adut Guled,1977-01-05,+254708496635,RF43095248,4,KKM-K4,food,GDJNGXXJW2K24LZE756S7RPIMJMRBXZ5YOCERW2EJYPST6EKOSIZTUWD
R0125,Amani  Makuei,08/09/2002,254768949019,RF78984243,1,KKM-K1,food,GDOR6OYAEBGG3747YBYGMC4PGJ6QZ2QAO4S4JDEBLP23BTHNC4ZURWAO
R0126,Halima Garang Warsame,1961-05-17,+254792792123,RF92554820,2,KLB-V2,food,GDP7YNRY5QAXZUSMC2EYOCUDRVKGACSI2D4F5OCIE3S763RTQWW57WDL
R0127,Fatuma Mohamud,1966-09-27,0741840985,RF35740596,6,KKM-K2,food,GC54DOL3IQQ3Z7F5AWGYGYQ22UTVSH72RPWLXLZIYJUVEGWJ3IVJO4WC
R0128,JOHN WAFULA,1957-02-09,+254736357836,23636726,2,KKG-LUR,agri,GDA7NM6C7GPPS7KABTYLBOR3FBXJ66NEZSOCNYZ6KVY4LRK5XU26CXO3
R0129,Hassan Osman Nhial,2006-04-01,0746185069,RF46765062,2,KKM-K4,food,GDMEL73D5X5O3PMHTFBRMT7W63AVGUZ465SAHRAVL2KDT4ISRX3P3QGQ
R0130,Abdi Akol Barre,1972-05-21,0736623425,RF21094967,9,KKM-K3,food,GC56BWBULB4FDEQOHAXHF2XVRCKIWF4EKBSQ4AE5PEOF33VCANZAWNXL
R0131,Abdirahman Nur,1995-04-08,+254701016406,RF75986966,6,KKM-K1,food,GAEIYXWFEHMGNVGI76NDL6X65HWINPTP35BOTMO2DIISOUVIM3KAVNQZ
R0132,Hawa Ali Niyonzima,1987-01-20,0724440333,RF44187799,6,KKM-K4,food,GA4ZFFIUEG2AS45RZMHY7KM3CRDJ2VCXEDQ7FXTG2UT2XNTHGHUSR2OM
R0133,Fatuma Niyonzima,1966-02-21,0744438645,RF60441068,4,KLB-V2,food,GC2GRNIXSVS4OOIXJCNA6SEZ42MJBI72ETW5WQ2PVC537PUJVNIEFUGM
R0134,Abdirahman Deng Akol,1976-11-23,+254757629027,RF65132123,3,KKM-K3,food,GDQDOGP2PGO3F3BCJEDY2OEIX2AYM5UEBK65RTGNIK2CBOTPWEAS2JWU
R0135,Sagal Osman Samatar,1985-04-25,0763 494 337,RF36567400,5,KKM-K3,food,GAST673ZREUT454ZVHYNURZLOSMDGQPBN5P2O34R3V26S7GRJBTDK66B
R0136,Rahma Kuol,06/07/1979,254770536387,RF63132943,2,KKM-K2,food,GAP3BQMQ6QNYG76NT5TVIB7T6QQHMSWPCT7OIWA4DTXVGIQL64KEX4A7
R0137,Solange Ajak,2005-01-28,0795 405 174,RF74495544,3,KKM-K3,food,GACQWYBO5MFXEUICCVTX7CQZEQRVN3U6H27IBBWJHBHPITXQOPDPSZDR
R0138, Naliaka Makokha  ,1966-08-18,+254799244448,37519030,7,KKG-MUM,agri,GD6Q2TYVJ622OVUAA4IW2JNL63BMR55GYN6XPS5MSYZOFCQE3J7HVBJZ
R0139,Achol Deng Samatar,1988-04-08,0722 446 049,RF37339498,6,KKM-K1,food,GCPT25FP7F7BPZKUPRRPQKSMFI335RZTE2BW2YNWZYRMMT7MNBEGLDYE
R0140,Rose Namisi,1995-05-12,0749 781 533,31711183,2,KKG-MUM,agri,GD23V3ADXGAV2QZRHOQNAAWHLUMTCFSSZNRFK6FD5YTYQEEQY46POFRF
R0141,Nasra Dahir Bol,1962-12-15,0764100388,RF87246555,5,KKM-K2,food,GCLZMJU2B5NZVV7X4EM43RXDCO7MAUM2CXZZUH7A4XLIY3YKMNPMPOYW
R0142,EVERLYNE NAFULA MUTALI,16/11/1994,0768476576,26491396,7,KKG-MUM,agri,GD2X3KAPWF3C7Q7U6UGHYWMAORTZ7IGCDG4VXXXXHGSUUZEM7NIL3GKT
R0143,Pierre Ibrahim Akol,1978-12-26,0785235490,RF69761103,4,KLB-V2,food,GB2MCV3AYZQKYGCFSKPM2R2LP4NZHHW5A2CNJBSO7ZBRNL2AGEDLK4AX
R0144,Fatuma Nhial,2000-11-18,0745 581 304,RF80766045,9,KKM-K2,food,GA72CKTRKGJBUELZGRAJ6TJ4K4OWJYBWAMEQNXLKYEV2W6KNEP67JKN4
R0145,Hodan Kuol Jama,04/05/1996,0722 621 251,RF70817001,2,KLB-V3,food,GDQPF3WP4KISYVMEVMWRYGRWDNNCKHWUP2BLWRN57EAGAT7TZN63MD6G
R0146,Beatrice Sifuna,07/11/1978,0762138151,37148236,5,BGM-KBC,agri,GCCS2XAWFWNTOFBEVAO6OVWHNDXNOPXUM4FHKYZVCUH6MSPOVA2J2HXX
R0147,Omar Majok Ilunga,2000-03-01,0719815588,RF54049742,1,KKM-K2,food,GAVPM467OBRKY3SYJMO3WBXT2RQQJOH5Y3I52B2SU5B644F3HHZLMUIS
R0148,Juma Were,1988-02-16,0734 379 482,29539401,2,BGM-KBC,agri,GBY5QPVKL7INHLWSICF4KRUYBTSGCE2I6M277BPVSOOX7733LV23NRAD
R0149,Nasimiyu Nekesa Mutali,1973-07-05,+254754389832,20815605,8,KKG-MUM,agri,GD2DNBCMOJQD7REVU2EFDVZZ5K63NL24WAEL2IGMUKIGU5BZ5VBMQT2E
R0150,Machar Makuei,1962-11-28,+254701327725,RF66504228,1,KKM-K3,food,GBCIBOE7WC3FGZKKGKKEC76YABKT3LUA2NUBFMUWHWP5NCQ6RVU3XHZY
R0151, Hassan Bol Bol  ,03/12/1970,+254723917096,RF79672451,2,KKM-K4,food,GDULQSSJVPDVSKPZ4L5FK2P2LZLBNGRISF53JYG7QEHP2FYPON7WBBFX
R0152,AMANI KUOL MUKENDI,1974-11-06,0760387757,RF65580112,8,KKM-K4,food,GDCRKSKJPSVPYP5UDI7I3S7BBCSUFVCF6F2XY33BAETSI2ZJRA2JRWSM
R0153,Nasra Deng Hakizimana,1993-01-18,0745624314,RF33424409,6,KKM-K2,food,GDU7RBTBB6UGSWSBA45A6JSGXYVZY5XML5MKSR2T4YRY42I5RKIULRD7
R0154,Ayan Osman Ajak,1973-11-14,0712105339,RF59900531,5,KKM-K4,food,GDVTVWZAWPZ5K25BILTNJXT5GNLNUPQSMT7UTGESVXNZJHT5MEWQGAXA
R0155,Achol Akol Mohamud,1981-04-01,0767156347,RF95763003,4,KKM-K2,food,GCIQRA7MDQHUKKXVLFETM22NS52VBEHDKFHQVUSCD6TZFTSJ3M7W5453
R0156,Bahati Jama Majok,1958-09-16,0701264873,RF12461566,9,KKM-K3,food,GBHUYPMNGWYG4WOQBVA4SZGQISQUQ65CFLJAMIE32ZKCPUR4QY3J2KNE
R0157,Christine Opicho,1994-07-02,0700672310,39789665,2,KKG-MUM,agri,GDPUCGV2WJHH2BD2KB6WARNILGRG3JNAMDVTINDYPWKYRAUL3VBIJIGO
R0158,Moses Makokha,1975-07-01,0750 973 005,24337732,2,BGM-KBC,agri,GCOSKRO6FLOAG2DXXW6RIC4UN2Z242ZLEMECQJMONOPZZIVYOQXFBOY4
R0159,Nasra Kuol,1994-03-10,0714772761,RF26143951,6,KKM-K1,food,GDMN36DLY36XACCDAJXAAJR3AXMBB426BERKGPOQEC3XOCW4ZJZZSSAH
R0160,Abdirahman  Bol Kalonji,1980-05-25,+254776466668,RF89168681,5,KKM-K3,food,GB5CUIJZV7QKVDW4WUPWD6INKVVGMXIPPZNE3GPSN6FECS2RGTQYPRAD
R0161,Amina Dahir,1982-07-17,0779312694,RF25684414,2,KKM-K2,food,GD6QLSLYQWKJY54BZKDUN7ZUUXDUVDJV5VAUF4XMZRH7VJYKZZLYGGAG
R0162,Peter Sifuna,1984-05-03,0779 146 692,39802291,2,KKG-MUM,agri,GCQXG24I4QCTIWRVYXJPV35QZ7GN3ELVKF5HLDQEW57BJINJXVM67QZZ
R0163,Violet Nasimiyu Mukhwana,1993-03-04,0756856366,25828547,8,BGM-KBC,agri,GD2JQFVOLSZF33XXAHJAL6NK4CFMFHJZUEDGK53MJUKY4OY2DG5UYCZQ
R0164,Divine Majok,1999-09-14,0739136588,RF36364384,3,KLB-V3,food,GA6FLXM5VXRRXABWR6M44U5OCNTHQGWAGSXT7RUDG32E6CIYJZ2AMOZC
R0165,Khadija Mohamed Farah,1966-08-02,+254777998416,RF44310584,8,KKM-K2,food,GD65HECQIKUMUYBF3AGQWPYYHCH7U7WESM652XUV2RZD6H3GDGHIBYQG
R0166,Espérance Mohamed Bekele,1971-08-28,0786 945 785,RF53572162,3,KKM-K1,food,GBPTUYSGD6IFZ34COITP7NK24S3JEWIXWD2YVSINJ4TF7HDWWPQG75PO
R0167,Sahra Deng,1963-05-21,0759 356 734,RF14382712,4,KKM-K1,food,GAYJVJQXNQNDXB2LAJJ2CEPCMRAH3P5PL5G2BHQPRXPC3ESSNBVJ6SZM
R0168,Aluel Jama,1959-01-24,254750582053,RF13458932,3,KKM-K1,food,GDRAIJMNKVAEYVNAZLJC2WV6KHPRPMHR5DJ2ZPH2XW4ISCWTVJ7EWH4M
R0169,Nekesa Wekesa,1980-04-14,254718153614,24871210,3,KKG-MUM,agri,GBOHFB2SZ35IDRS742CMHLTIF2BDLTTVDMVNYLEV57E22L7NSP2VM7NT
R0170,Patrick Ali Guled,1967-04-07,+254710415256,RF88722127,5,KLB-V3,food,GDZOFOKYNAWNCQYVXG4IZA4IDPV7LSXZM4LBCY2R4U2YWNWWJUK45UI7
R0171,Metrine Mutali,1988-02-04,0741 847 565,22294059,2,KKG-MUM,agri,GCDTCMIEDRSA5XBGP5JHWY7GBTGXRTWTVHLN6XSGYLO7V2JLUNURGBC7
R0172,furaha majok,2005-11-17,0772903866,RF46665606,5,KKM-K1,food,GDZBD6KLXFTNDJ4AEGGLSBAAL67JCALQMAHRX6TDHR4NXATNQW3754ZD
R0173,Peter Nekesa Sifuna,1982-07-05,0783506766,20954169,7,KKG-LUR,agri,GCBD5CZTYKLIVRNBQACSRGHVQQWN2YQGLMSU34QSELYFB6WYYPTOPMOX
R0174,Espérance  Dahir,1984-08-07,+254768077442,RF88770033,4,KLB-V3,food,GB6HUT27SYUZZGFNLINZ3CUEYP4SR4NU45TFWOSZ3YHCTWJCP2Z4KHSH
R0175,Mary  Nasimiyu Opicho,1977-03-26,254737501311,25560112,3,KKG-MUM,agri,GBURKKRIOURLHLFP5AXRELY55EOAWSULY23SIR7PHZP4DWIBEP3563Q4
R0176,Tesfaye Warsame,1972-12-20,+254736645066,RF31031763,4,KKM-K2,food,GBPWYCPVP5O3LA2IBTHCFD7JO3K5IE4VHZD4VYFE2BXJFF53RPNPVSAN
R0177,GRACE AKOL BOL,1978-02-06,+254703785518,RF27020359,7,KLB-V3,food,GD7QQTHRBQ6NFVHN3HBD67RAJEWEQFE3TGAUEGFGULX4JPV6CD5LZFAQ
R0178,Garang Akol Kuol,,254757914351,RF86181083,6,KLB-V3,food,GDZGM676VTG5IMTR5GIHVDVDOXEHNABU2DSNUXJXI5BRI4VBLWCXFQFO
R0179,Deqa Osman Deng,2005-03-01,0778 837 112,RF20959255,2,KKM-K3,food,GC32I3COA677J55C5EWDNJLF3VJPPBO3THNF5G2SW5UODG7LQA5VBEQ6
R0180,Mohamed Abdi Warsame,1993-12-15,254772451125,RF10120509,1,KKM-K2,food,GDXJFDD244TTDTXGPIBHRIKQBUFNCRAX6T23WPRJA6AVH2MDUXR3WKOA
R0181,Hodan Jama Tadesse,1992-02-27,0748 725 118,RF38705494,3,KLB-V2,food,GDQGLHSXBFB7ILG4GJKNYUTAS7AFHEAG3FQHLLEP5RK26GVHODCUV4JS
R0182,Claudine Kalonji,1991-11-23,254778150003,RF48260452,1,KKM-K2,food,GCQ7HTPQPLYONVSZB5XGWHRHDCNVDT7RSAWL5WFJH3DNCJ7ZJGHCUEYE
R0183,Christine Nafula Mutali,1973-05-02,0729697591,21716123,6,KKG-MUM,agri,GC2FXB54KCV3CJKJCTXF3R7U7J3HA7JZVNJRDXFU6GO4OOBCKPDBN6IQ
R0184,Dawit Isse,1996-04-07,0791628801,RF88593865,5,KKM-K3,food,GAHJA3D2QDQTWVCVZ6PYP4EIV5ME33THE6QFOPSF57MXTBAQ63KGDNPL
R0185,Sahra Aden Mohamud,1960-08-25,0701233693,RF58210218,3,KKM-K2,food,GACOXV6QS5R4AQPQ22XRAZMD7SECCIZIQKCQZNJDCX4FO5RO26YBQOYJ
R0186,Nyakuoth Kuol Osman,1964-09-04,+254795562699,RF52830487,3,KKM-K4,food,GD6PCGS57K67RDTJAQFOCPQSVSYVTMERY4US2WJPUESYQGUB2EAPA7VK
R0187,Ayan Bol,2003-03-18,0764504662,RF33390586,3,KKM-K4,food,GA4V7SGN3EW4445VON62MKBJJXCS45AJEACRGRFRV6I2FNWZTFCRGZTA
R0188,Lilian Wamalwa,1963-07-05,0750906544,38125147,6,KKG-LUR,agri,GAKTYXZJHBHFSOBBLMRPGG672KJOSQ4R2I466ASCSKBNRUMNWWHEYQOO
R0189,Divine Malual,25/09/1965,0773790873,RF31463619,9,KLB-V2,food,GAPZJPVLHFODKKPHEAQSDIV7AE4KX34QMTZXLLVMGJAKT7HPBCT2WIO6
R0190,Lual Dahir Aden,1976-07-15,254786700681,RF76945934,2,KLB-V2,food,GCDRQS5PQCRKO5PFMF3NR5GJAZLFCLDCLWHQY5YJWJ7XG2TOY7A2F2SH
R0191,Tesfaye Bol Deng,1978-05-25,254704440512,RF32891203,4,KKM-K3,food,GCUWV7EWX5N2NXUWJXEAVHFIBVJPGDSJINOLEQVEERPYNPSZ6MR7OSEF
R0192,Beatrice Nekesa Shikuku,1978-07-14,0743 475 747,20790414,4,KKG-LUR,agri,GDS23372BWC2QK3QR6MVVYQ2JJWAULXQGLGBXIK6V2CTOJAALGDZOVZ7
R0193,Nyakuoth Bol Majok,27/03/1991,0792 627 973,RF71197053,3,KKM-K4,food,GBYJKST4EFRZNF4MXMYZW6TSSJDFXCMI6CZGMGNFKG56HDL4Y2YUSSQM
R0194,Idil Deng Mayen,1974-09-09,+254746671265,RF13698634,9,KLB-V2,food,GBZXFOCOXL3ZUXWWAEUXDRNLMZPF6WNU5RG5BIOND7CHDU7E7ZLOAY4Z
R0195,Ibrahim Hassan Warsame,1958-10-18,0740570556,RF49984692,4,KKM-K3,food,GCU45IF5EF6GSGSOOEFQCQID3UKBFLNP4GJN4WFSCA6TWKD2XVMR4PW4
R0196,Grace Abdi Nhial,1970-09-14,254746037743,RF55081280,4,KKM-K2,food,GBDJ5PCG4SPELFTFB6YNL3CHQZBF3AC2PW7YXTKVRP6X3HAOKFRLJNMP
R0197,ubah bol barre,1997-07-01,0752611098,RF85772266,3,KKM-K4,food,GCG6ILXFXKOKKTPNEQ2PZEVOC26UCB55ANS4PS4UDGUW5HBDYZL4PJIV
R0198,Hussein Aden,23/05/2002,0703 935 450,RF56080261,9,KLB-V2,food,GCQUFEHQZQAYABN67PTWP6PXBNJU52PA4H242CWAGZSCWUAUDJNTXYKE
R0199,Benard Sifuna,1990-09-14,0745758538,20650538,2,KKG-MUM,agri,GB6GNTSY5USAZQ6GGWBH4KHSYJULVPZ3DHHCISFTT4PKIIWUSLBCMFCE
R0200,Mohamed Jama Warsame,1983-11-05,0757994794,RF43524737,2,KLB-V3,food,GAMCPLO6442ILMKP7LRRCV2OPYTIKMZP662FDT3OPOAU2G46WSUNNG5R
R0201,aline dahir,1970-01-22,+254757366642,RF41674144,6,KKM-K1,food,GDXMHHW235MXN6VHLTCIZAP3ME2DYRESILBXJKPZ2KD4JKVZC6XQ2USY
R0202,Awut Aden Samatar,1979-07-12,0763 841 137,RF47757513,6,KLB-V2,food,GDQ3BQVMWO73RPMQGAMA2KWPIXYTUKOSZTOY4LRFMQIU22BHQ2NI5OIS
R0203,Bashir Uwimana,1959-10-19,0765662173,RF64569788,4,KKM-K1,food,GDXIV4JQXXWRQ7SCZCOO6YERES7LZOJAGZKLBB6DB3HU2JGAKCA642HV
R0204,Christine Mutali,1971-11-24,0729903567,28053592,5,KKG-MUM,agri,GDFAXLRJ6MR6FLDEABLE2UQYB7OJBBTUFKTRRKO2ULS5CGURIO6BNSB3
R0205,Bahati Omar Alemu,09/04/1993,0795114129,RF95225475,9,KLB-V3,food,GBDOTPCIQQ6UWAIOW7BUZJWEUXOZYHW335QER2CENRBQFKCV4KVQ4ID2
R0206,Mabior Abdi Jama,2002-04-12,0739036204,RF61773261,5,KKM-K4,food,GCSK22DFMTQJ3CQXR4CTLV2D2FSYJ4YTAQ4FCYB6LETIXJHR7WAPPRU7
R0207,Mohammed Jama Warsame,1983-11-05,+254757994794,RF43524737,2,KLB-V3,food,GCKB3RUDHOXSTZ3TY4NFSLY7CFJND6O3KRXD5VLSIOKSUU6ECY6TEJL7
R0208,Nyakuoth Deng Malual,2002-08-26,0753464191,RF23104226,7,KKM-K2,food,GBI4YTD76D7LQEQOWX2R2S767SPUK4BB7TY4AYGMY6GQCWNENSVLONXS
R0209,Ubah Aden Makuei,1985-06-18,0734820062,RF27117210,8,KLB-V2,food,GCE7UZ7VVIF7OVVJSPHU6EKLSQLCGIKNKMIQL6WA3FQ2EQHGNJER4NOG
R0210,Khadija  Deng Bekele,1968-05-02,0737 585 586,RF74011339,4,KLB-V3,food,GA2JJYHU57B7LIJE6O5NU4HS7NS5RL2C44NIHU7NNM34W377IXC2XZ54
R0211,OMAR HAKIZIMANA,2005-01-26,254764425968,RF37724464,2,KKM-K2,food,GBK6QA25AODYMYQXSN47RJHQZYZABLLGZJO534TAK74JU5CVLDWKYFMV
R0212,Dorcas  Were,1956-05-21,0763881582,33277833,3,BGM-KBC,agri,GDGRV2N7NATMQ7JEET3JLMNFHHTA4U3FG6TMG7P2N7GF6INWCUPLMUG4
R0213,Moses Nekesa Opicho,1967-03-06,0751155818,22777229,2,KKG-MUM,agri,GCT5GDDAZVIBSSGZYIHFYYJSR5FJX3CALDDWR5LMXSNNLXP55NYAXZWN
R0214,Nafula Nasimiyu Wamalwa,1966-12-13,0798985219,30245387,8,KKG-LUR,agri,GACDUGHDMNKQIWQV267O5HUO4WR2WMJIXUKXOWMPMZO3GDOOIPBS5B4K
R0215,Sahra Omar Gebre,1960-06-08,0771152947,RF56799670,3,KKM-K1,food,GBCQJ77HVG2IFJTOKRSHFCNSZW6HPSI6LWXOLZNCMA7WQ47IUT2VPVHU
R0216,Aluel Ali Garang,24/01/1959,0772186053,RF41683967,3,KKM-K2,food,GAIAMVLFNXTDGPDB7RSR5DEMD2DRN6GHLX22L7ZNA4CYPWDEULNVHWVY
R0217,Mercy Mukendi,1986-08-25,0700 119 547,RF27367105,5,KKM-K3,food,GBEIIU5GFLLBFALTQTRG57CMBHB422AEWNZLR2DPYJKGF57MTTYXTMRB
R0218,Jean Baptiste Isse,1982-08-12,0749888651,RF59305715,1,KKM-K3,food,GAOQM2E3QNEFITKMV5EH6L3J3CFBUBK7Y4KFFRQVR4QFYD2LWOCOUSHE
R0219,Husein Aden,23/05/2002,0703935450,RF56080261,9,KLB-V2,food,GC7TU5GGZ2WUTBD3W7ME5XCO6Q4KMWEKXYHXT44QXRUJKWWM6SW3JNDM
R0220,Salah Yusuf Malual,28/07/1994,0712 902 492,RF95794822,3,KKM-K3,food,GDKSSFUFKVOSC5CJQGBP3Z2KZ5WBBLOMWKGRVJJ5I23EVS2NYMGPMMGM
R0221,Abdullahi Hirsi,1989-05-13,254737931796,RF12568699,2,KKM-K1,food,GDUUFFYBVY2VLR24DB6LPY4BHEDNVQQM4S77H3BTDKM4PIZNJUPDGYYE
R0222,Divine Aden Alemu,01/03/2005,254719654067,RF67972231,3,KKM-K1,food,GCYMNEDLT4HAWFOH5H3JHV3KERS4FQOFEZJ5TFR7ZNLXJGLFMDGJDWLT
R0223,sylvester khisa,1972-05-09,254775026493,27835185,3,BGM-KBC,agri,GBNNIAS45LQ2SP37AXUB5CT6CXV5W5M4YHS7X7YTOM3BNLYBCDUMILNL
R0224,Chol Ibrahim Nur,1967-10-07,0709905048,RF50022397,8,KKM-K3,food,GBW24E22QEFDKAMEXDKOLGRMZRCO6GARP65V7EUFW5MPWWZ6ADS77Z3C
R0225,Chol Niyonzima,1958-02-11,+254732794329,unknown,1,KKM-K2,food,GA4I77SFRB5U4ZYM4NGNAG25LXE2ZXLCVOYFQAUBMSS6MHBDGYWBHFKY
R0226,Aluel Uwimana,2002-01-10,0728455093,RF84379595,9,KKM-K2,food,GDUVZABIYMHSSOC5E7J5TPECZ3QSU4RMDLVGTJEI6IPHF75DFFLGYKYM
R0227,Fatuma Majok Malual,1973-04-05,+254717450089,RF64705360,5,KKM-K4,food,GB2HR5SHRF7YOGWGKKX2NJWXGIK2VG4ULCICFSZRAVRNZM4R6FZMIPBF
R0228,Fredrick Kituyi,23/01/1991,0771 954 642,24961707,2,BGM-KBC,agri,GDNTGFW25M35AK2IGZAR3GUP3SPCLPPOGY4SSOBRIBLQXSFZZUD5YMSO
R0229,Chol Bekele,1978-11-18,254784503933,RF49245122,6,KKM-K4,food,GDU4SF7EUDOQY5D5I44MGQGUUGPWFANKUTKUEI2LSPZTXJWHIC25246C
R0230,Asha Yusuf Nshimirimana,1994-10-15,0740491929,RF40438734,1,KKM-K2,food,GBJ3MSOSW5VGUZP5HY2QUEWDQ5WON6TX2VSCUGL2JCYLOORZRAISNEVI
R0231,peter lusweti,1971-12-25,+254729117512,33568258,6,BGM-KBC,agri,GBYIYUCXR45L7ZJPUZOJDKG4BGI6NJQKTJSJ442AL4BOE6S76AGLJ3ZR
R0232,Mary Habimana,1958-04-16,254744452826,RF99894794,6,KKM-K4,food,GB62MBP52MJBDGBYYLDIA4ZTMIDUPALNNN3JCQJMLKZDATMU7MG6ZAO3
R0233, Everlyne Mukhwana  ,1981-01-08,+254754716248,33154913,3,BGM-KBC,agri,GAEPTTE76R2UOBXGS7LES2T6PWLREZRISKT7KE5CSTMT7Z6IM3BUV3M7
R0234,Machar Aden Ajak,1960-02-26,254771564304,RF41775403,3,KLB-V2,food,GDWGM7F3BSC5OQAWCKSYQL4XWEL3VCIMQQTSD2WB4W6TXYVPOT7CVSNV
R0235,Ubah Osman Ilunga,1997-08-01,+254733846728,RF83258623,2,KKM-K1,food,GA7GIOSL63ZHYAVINNAXC2X4NLXAYNA7RRU4T37ENQKWCCLVHOSUQ3I6
R0236,Fredrick Nyongesa,1980-01-21,0757 480 256,36815252,8,BGM-KBC,agri,GAMZZL26JOOIT5TOW6GDPNI4GTVTHQFKAB6TNPFIP4FX42AUWF6U7FX5
R0237,Espérance Nshimirimana,1990-09-04,0753958925,RF97801803,2,KKM-K3,food,GCRUHZVHD7TAADZY6TCD3SI3MH6P2ICVX4AJAA3O7SAFJZKUXG2FOEUC
R0238,bashir garang alemu,24/04/1981,254778974304,RF78603091,4,KLB-V3,food,GCWDSWWMSDOTPYRLOOD575U2HBQOKKKWTBDXJ2R3E5ADNVIR6KD5HQ2S
R0239,Ahmed Deng Ajak,01/02/1994,0784042332,RF33283660,6,KKM-K4,food,GD64VFWMRBAMIQP5ZKDNBTSLI6GACRCTEL54RL3UEOAQYR4W3ILVOESO
R0240,Nasimiyu Nafula Nyongesa,1996-07-06,+254779902933,37423880,6,KKG-LUR,agri,GA6CVK6RIY4UIZCQ7GB65RFSF2GQ237LUPZXNJHA4NUEGRNKTDJLKB5W
R0241,Salah Bizimana,1973-01-16,254751448624,RF77397642,6,KKM-K3,food,GBMYUMISKFABPE3P6SUCW4KGDG4ODJ5732EEXWSTTWRQ3SXAVZT7AVYE
R0242,Ibrahim Mohamed Akol,,0778850955,RF71698086,2,KKM-K3,food,GBOMFYNT65FKZ3ICNRHNU7FHXAU43VVEMVF2DMLRU5RMWTFV4LEXO6NZ
R0243,Nyakuoth Ibrahim Makuei,,+254761680486,RF55094182,3,KKM-K2,food,GDLJFJSTRDYYEGYJVCWIBY5UJXF4B75K26LXKFGL5HAIHZYD6IIC6V4T
R0244,Nasra Bol Uwimana,1985-11-02,+254767749513,RF60703334,3,KLB-V2,food,GD6YCP3WQQDWFMHM2OZRGT7UBXTTA2ELZ4DMKEHW7EWGQV626NBBCSTI
R0245,Sagal Hassan Mbuyi,1958-06-23,0727 889 948,RF28579301,5,KLB-V3,food,GBUWN4MDTKH7WKQV4FSFPCHWZCU7UEWXUNJTNO55UAV2Z2DNJ4C5AGS3
R0246,Mary Hassan Farah,1959-10-15,254701805922,RF32884786,5,KKM-K4,food,GBIV3KTG5ZF5GCZTFLYUHWDTF7ICKTRT7DVPRPLMG3VSXNNOTZT24KID
R0247,Faadumo Aden,1975-04-26,+254754947637,RF52625942,5,KKM-K2,food,GAMPIL27NYK5WNA4DHAR4HJAOYUVQDF76QPHRJMU4OJXF5LULYCHWXZW
R0248,Rahma Osman Habimana,1964-02-19,0701 296 581,RF81340972,3,KKM-K3,food,GCB4AOV5LLBKRHPAN4IGHLHYU3IZ6L3NIA7KCIT3DGXPPZVIFSUIFDG5
R0249,Joseph Aden Makuei,1970-08-16,0744751457,RF55073389,3,KKM-K1,food,GDRNFYHL32DOITDJJI4TKIBKWSKWZJFOQ4YX6ZMGQLRXXJRLDNKUINJI
R0250,Mabior Majok Tadesse,02/08/1965,254710879645,RF77101988,7,KLB-V3,food,GAWAGNKJF644HIUVNOPFMP5ORGKCW7MVGCIBLDRCCU7TYS3U6YL2A5XD
R0251,Mohamed Ali Nhial,1988-07-27,254721063598,RF42293060,2,KKM-K2,food,GDR2ZMG6P47NJ4E64GZAALXU4TZWIXPEZOZWURBIP5ROPESUMMJUVDF4
R0252,Lual Bol Mbuyi,2005-06-17,0749 892 859,RF25326497,4,KLB-V2,food,GBCLENIBGSVHQN65KL42VQYVTWPJG5QRRXEJ3VTEAFBYVGO2NQAOARXO
R0253,Ayan Osman Hassan,,0791836017,RF73740917,5,KLB-V2,food,GAAMSREPKAWYJ76GMHLKCIDORLH32HGOTKUYYOWBZT5JGLQGNLKDL44P
R0254,Aden Abdullahi Akol,1985-11-20,0764653638,RF45585619,5,KKM-K1,food,GAUNQ5W5DX73YHKOD5IAQZ7MFWD2SLZNNDFFZ5PKD67S7GEUTNC5MSNX
R0255,Mohamed Ali Barre,1970-10-24,254711984753,RF26549068,5,KKM-K2,food,GDXCUBGEBU3GR6EPDMG32QVWJPZM3CAT6IG3H2BAPL2BHBGON6CICMHL
R0256,Beatrice Sifuna,1978-07-11,0762138151,37148236,4,BGM-KBC,agri,GDZBALT3QJNI2D4HMVNVNUYWJBBEDQ2BS5DVUSMYTAB4HU32HSBCCZ5U
R0257,Sifuna Benard,1990-09-14,0745758538,20650583,2,KKG-MUM,agri,GA4DWY5NNVJL5E2SXQTDKOOLHDBRCHCGQ5I7AOXNHRXQBCQJCM7LLYR5
R0258,Janet Nasimiyu Wanjala,14/07/1998,0799 645 127,27806873,2,KKG-MUM,agri,GAXOA5TU4CD35TKSKCX6BBUHFFB5DJCQIUGBUXRPSKLGI64K2PRZOY3X
R0259,Geoffrey Shikuku,1973-07-09,0758448303,39877286,8,BGM-KBC,agri,GBPZGBXLKC26EWI2NUQ7TUWYAYVHHP2VJUMWCCF4ZU2FZ6X4N6NJWYAW
R0260,Amina Nshimirimana,1988-07-23,0705442566,RF29110155,2,KKM-K3,food,GBV6HUE5725NRYRMTQFYFRPQ66TIAGNSMR5LSTBL3B3VW4O3NXOOHT3T
R0261,khadija mohamud,1987-03-28,254773540786,RF45517595,1,KKM-K1,food,GBNXI6WDIYCQCCWE366QHJCDW6ZXIX7UHOCNBPCTDZMLJCGTMCD4KJ4Y
R0262,Ayan Bol Farah,1979-03-27,0713357075,RF40304802,4,KLB-V2,food,GAV5RAWIMSFTZICF3CR2UJ24KSSPOZSIQ2SCOJ66NAFRK5SDHTTIP6R7
R0263,Deqa  Ibrahim Hirsi,1972-11-24,254727071576,RF75391419,1,KKM-K4,food,GA4UFWHVJPFFJRDH32SXRBVNNAMFCLRSJFYUQ4UQLKZYTGR4ZDHL65DX
R0264,Machar Isse,1985-10-07,+254781744592,RF21805812,1,KKM-K2,food,GBW4K3DFYHTCSY4GCBJMLAWEIMR6TEAOUEXXRXHAGGAH24PHJ3RGUCXE
R0265,Deng Deng Ilunga,2000-10-18,0744369098,RF45535079,6,KKM-K3,food,GCQ7SMTFEZBOOJG5NFTWVA5A2MBZJU5BHH6NLXRDIIRZJ2QOYYERVXRH
R0266,Mercy Garang,1983-03-02,0777 250 767,RF23414597,1,KKM-K2,food,GCTRLJPTFACALBLA455TSTRA4ACJV6UHM2KUJKCT5NPVSSIWZU7C326S
R0267,khaadija mohamud,,0773540786,RF45517595,1,KKM-K1,food,GCICCG6QV3NSWA3YGBFKQJWDXFAL3E7C6RHEDYA4EPKZUBWLYFN2PXUC
R0268,FAADUMO MAYEN,1968-12-25,0776200917,RF44812818,2,KKM-K2,food,GCHRXF6GMCTZWRI5A2QQCO3Z462U7OOYNFWCWDCXROWL6DUJA7PSTUKU
R0269,Benard Masinde,1991-12-04,254764000886,38791223,6,BGM-KBC,agri,GDCWPJXEJBY5W52VXF644HAFEZTVPR7IJPT6VQG25WGQOTWXVWYMZY3S
R0270,Ayan Mohamud,1991-09-26,0762 299 368,RF64253479,6,KKM-K3,food,GBUPAIYEOF7JWJJM3NUMDYAYRMY72ULPSFXN7BPGX52CIQ2GPNU5HENF
R0271,Hawa Deng Dahir,2000-04-01,0738925844,RF87811604,2,KKM-K3,food,GBWC5N5ZLD2X6K44ZMZCEPKEKDZRNC7ENUTSRYTHCDUEYKEEKL3CF47W
R0272,Dawit Barre,2002-08-02,0707 494 643,RF80146037,5,KLB-V2,food,GDWQ3OYH34OZAVXPZYK3XFFHH6MP6HWLWTXGYNP4IJCA5JO7S3EHJ6P5
R0273,Bashir Habimana,2001-11-01,0753481990,RF67961531,3,KKM-K4,food,GAWWDVWWIUHPJAXTZRRQ5PBDIYRU7EWALHSYAJ4KAM2YMGPJLC5NLTIH
R0274,dorcas wangila,1997-04-26,+254704718487,28745559,5,BGM-KBC,agri,GCZZY5BTEXMTMVT2OFAQKWZBNF5VS3KOXCBFGUMIJMHHFMBGIFXM7NHD
R0275, Jean-Baptiste Nshimirimana  ,1968-06-11,0744 117 898,RF95233162,4,KKM-K4,food,GAIV3YACPZP45HGBK4VUIRBBBRIIGXRO6CDININWRUQGPVE4TAOXTB47
R0276,Hassan Malual,1960-12-21,0757 446 750,RF22824657,6,KLB-V3,food,GB26FV2634C63IE4IGAITR67E2OU4SGO3YQ7WAHM5P3JLDSDUD4SWFAL
R0277,Rahma Hirsi,1969-05-07,0732666217,RF28033488,3,KKM-K2,food,GCMCLKECF7PFCLYUTSQ2WGYSM5BHWE3BMT3JBN6TIW6XRB3XUSIYLKYF
R0278,Nyabol Samatar,1966-01-07,254747366676,RF66582248,5,KKM-K3,food,GBP7R4BXW6CIYCCJMHVDNN7JI3V5DYCA3T2WEODTMBEQ7N2ZMQCWXOIC
R0279,AMANI AKOL OSMAN,17/08/1990,0794 794 254,RF57720400,4,KKM-K4,food,GC6GFM6JE5T4GPRGYZHL5H72EAXOILZFAWJWJTVIXKOD6OAER2WTTXYW
R0280,Awut Bol Aden,06/02/1996,+254722969381,RF51525026,3,KKM-K2,food,GC4IS5JAII5C73E2YD7XT6Y7T4XSBI6GFN2JC2J6W4FM73HEDW46T6ZL
R0281,Wycliffe Shikuku,1963-07-25,0737 528 928,32620693,6,BGM-KBC,agri,GBNQUO2MX4S2UAIXUNT26UP5CZRKFTTFBYHHK54SSBIJIIWNOL44HUFM
R0282,Christine Wekesa,1973-07-10,+254760515562,30341860,3,BGM-KBC,agri,GCBHPTFZORU46LX3XREFCMOAZXENJ3VJI4GNS3VW4WXESGEN6AO7XJZ6
R0283,Nasra Ilunga,1975-10-13,0728200214,RF23553337,4,KKM-K1,food,GDYXJBLAODK5ILETHXQLYNBS6YAU5MHDE6DAVYTAT46LNV3OXYMZ2AEW
R0284, Maryan Tadesse  ,22/11/1979,0777216983,RF73603632,4,KLB-V3,food,GAUNPDEECHGSGNTWM63N66IBT2FN3GTOUYL4EKXSF7TXU3PXF6YK3U4K
R0285,Geoffrey Nekesa Mutali,1978-07-19,0780077121,30065994,5,BGM-KBC,agri,GC5KSTI4OCV55XI2WB2UTK457DHE3GHXV2LXC4RHMUR6R22BNUB7WIW2
R0286,OMAR ALI HIRSI,07/02/2005,0767534563,RF23862597,5,KKM-K2,food,GBDPOICVGKV7VRKFIMIOLFCXFDQL4HC2BAIXA7VMRCVWCGQMJFR6AN7P
R0287,Dorcas Wekesa,02/05/1983,0728884183,38388388,3,KKG-MUM,agri,GANYJH3JI6EBUAAQ6WBEAOMMP7HOQS7NONWNAAM773SG6RG7Z5ZJNVIJ
R0288,Machar Aden Garang,1988-08-23,0762804245,RF16313527,3,KLB-V3,food,GAJXER4A67BEPMFNOWOQOH6WPAA2ZYDP7QDRM4FPLXWLDWOI6BPMZBD2
R0289,Claudine Makuei,19/02/2004,0771944613,RF15112318,5,KKM-K2,food,GA6FBKJMFLD4EPPIDUAHLC57OX7HGCY7D5VGBQJ2E33HSWHPXRUP6VUQ
R0290,Ibrahim Garang,07/07/2000,254791895761,RF77131919,4,KKM-K1,food,GASW2VFNUKIH4XKH6WP3JCK7XVCXTD3OCVGQQGC53TIXLSX554YU7R3T
R0291,Ahmed Makuei,1978-10-16,0726 875 743,RF15511959,5,KKM-K2,food,GATLSBCV53LKWQMGZHUJ46BHG2JGT475EITCEXMOY7FRCQ22NMOHLJ2C
R0292,Nyabol Ali Kalonji,1960-10-01,+254739248524,RF11055431,4,KLB-V3,food,GCTWTLWOBVRZNCQIMQSGZP4NDHODXYISYWOJGCU6O3H5U5CLV6BM2JYO
R0293, Omar Deng  ,1997-04-19,+254711869197,RF70784976,2,KKM-K3,food,GAU65NHU5ONAEHBXONQPRDKD5723AFERYOHJVJDHL6SC7VLJR52G7F5X
R0294,Rahma Farah,1964-11-18,+254773263180,RF32511872,5,KLB-V3,food,GCWMG4GPOESWRJSUC3I7F26B5YPT23KZEY6KJKVYYR4BQ5HENSIMU6SB
R0295,Benard Wafula,1992-06-16,254722662997,30628996,8,BGM-KBC,agri,GCUCDSYFUG76F4XADPY2DPYTVYCOXTNFGCHTCM6WJJLY7V4Y3BC42KYF
R0296,Ayan Ajak,1973-08-21,0754274450,RF61079520,5,KKM-K1,food,GCXETHNJPWFOQELWJZUSMXNCPQ5XBYEZL4BVRKETQSXSOYDBT7K3T3G5
R0297,Khadija Abdi Kalonji,1990-11-09,254728057472,RF70969306,2,KLB-V2,food,GD5WWWOYAUPBXUNZVSYXBZ2TYK53UIJI62VMNM6JCCXQ66PFZUHYN2Q2
R0298,Moses Namisi,1978-08-04,0764 323 417,36808156,5,KKG-MUM,agri,GAKHRTLKYXS63Z2PYWUTSIQ2RENT5OC4S3PNUYMKCVJEC5AHJLRNJYKU
R0299,Idil Kuol Uwimana,1987-10-16,0738 718 718,RF11870983,5,KLB-V2,food,GBKBCUUTARLPYDFP5DGKGO3CURIO6VKQOCM3IQD2KLIBN5KDBAD2BVMU
R0300, Geoffrey Simiyu  ,,0750507453,25155864,7,KKG-LUR,agri,GDURWEIGUZRMZOT6PDX3HR7HJKFBWOZXSPLTBGSUDBL6N6INYLAY4ADK
R0301,Faadumo Mohamud,10/07/1960,254771200635,RF43694699,5,KLB-V3,food,GB5PRQDUEVDFID3KS3SNNX6PBXJJ23SP77T3PW7YRTNQWDRXHH2HPXH2
R0302,Dawit Tadesse,2003-08-28,0716202090,RF43777992,3,KKM-K2,food,GCYPV2Y5I74JRIC6AFJBJQJWOLKP4E544SBWWOXOKFPHQ272KRIOYMAT
R0303,Nafula  Naliaka Wamalwa,1975-10-10,0799026761,29352299,2,KKG-MUM,agri,GDKW4HCNYUQQM7LPLHOECZ6RMAWBOEJS74MPDOFMY4TVTUGSMH3XQLOK
R0304,  LUAL   BOL MBUYI ,2005-06-17,0749 892 859,RF25326497,4,KLB-V2,food,GD5SJSE4JNHKTIBGN3BLDBM4WIIZERDE3YKWJRADWOZEA4UFKXTH3OEF
R0305,Mabior Omar Warsame,2002-01-05,0793802100,RF68336634,3,KLB-V2,food,GCATHMOJ4EQ527AWCEYCHL6JI7YDPZ2APPDRZ2GOG62FIZQBKP2FXLJ4
R0306,Faadumo Kuol Tadesse,2005-11-02,0737086028,RF75055382,2,KKM-K3,food,GBB5Q7HSADXWC72HYZ3N3Y2C3XUEYDZZ6KE2FPBQ2YQ3HEXWBGLBODVT
R0307,Furaha Egal,1967-05-17,+254762821452,RF14998212,3,KKM-K3,food,GATHE64VUMVP6CXWOSHGADDO6YGPOWNMTACKSGE25SFHIHEZ7C3NRBAZ
R0308,Aline Nur Deng,1987-01-03,0716528913,RF99865935,2,KLB-V3,food,GAB5CLLWFNXOOLSVBMJG5KBO4VJTJSOONSI44SBOSYS6XL4K4J6UVEPI
R0309,Mary Wangila,1974-11-04,0720921851,20947948,5,KKG-MUM,agri,GASEK7FBCCHA6EDFVMGLDCCI7VSHMQ4FWRRLZAOBE4Y6CUSR6RRZSZV5
R0310,Wycliffe Namisi,03/06/1992,0798262596,37258616,5,BGM-KBC,agri,GCLNBKBRYFAQLGWHJLIHKPZDU3WI72MV6ZBOOBEARGWURHSDN526VLBW
R0311,Furaha Kuol Gebre,1973-01-20,254746104773,RF35059062,8,KLB-V3,food,GCKLZA7GKWEYHFBY2GQRO2O6RBKCH2J4CV76X4P4OTVVQALFWIESOMAQ
R0312,Hodan Makuei,,0762426147,RF82292784,6,KKM-K2,food,GAEDMAO7T2GYBZ47D33B2IDO2YRQTLZIROAZS5USRKTRLYMF5P5PRPWJ
R0313,Hawa Kuol Kuol,2004-12-24,0722114752,RF14756959,6,KKM-K4,food,GCOC4O7NTZY6IVW5XLCCCQ45YQ6IMHYW2QYE3HJ3NQZ2QPUJS362V4NW
R0314,Ibrahim Habimana,1987-06-13,254795237546,RF88661305,4,KKM-K4,food,GBGFJ2ZCV3ZTU7UHCJRZE3X3M4KV3U5ZSLBHE72SUE7RTKM52PC37U6Z
R0315,Hodan Garang Farah,1976-12-18,0716355849,RF26463097,5,KLB-V2,food,GDCCNIEUVHNQFXUBBDCCLDR7KV573OC4AAW65F5JWS73NLRYOCS4NUSL
R0316,Khadija Ali Deng,1976-06-24,254722597905,RF62159111,1,KKM-K2,food,GDPUYYWHKHZ6S6KJ3BPIB6FCU7WACFXHVXAHD5IRNQ2LGBWMMENKHFGK
R0317,Majok Mohamed Hakizimana,1958-07-21,0759118418,RF62375674,3,KKM-K1,food,GCDZFTD3EQMHJ67CZCSSJSHGEPLGQTJILPO27DM3NLMW5OA7N745VLWV
R0318,Ali Ajak,08/03/1980,0730723509,RF68184740,8,KKM-K2,food,GCEMJ254A7TTFXKBNJQZQYQTX2EVZNRTIAFER5UCQ7JHU547IC6YLZS5
R0319,Aluel Abdi Niyonzima,1989-08-27,254743556408,RF48065791,2,KLB-V3,food,GCB6J3X2DDVC2JHHQDCU6ZUYELRD2UPYU42KZMGD2BJSVI4CXGMZJKON
R0320,Mary  Isse,18/03/2003,254714507199,12345,4,KKM-K4,food,GCCOIKFR7TO5C3TSHWX5XKTCAQUWIHX4PYUL3GN3GWSAA34M7D5BPOGL
R0321,Geoffrey Nasimiyu Wangila,1976-06-08,0755133924,27804406,2,KKG-MUM,agri,GAEAPD2QAUXKIEI277GJH2AT43AM4YYYABPF5ASJANGHK2FCK54WWCSL
R0322,Nyabol Ibrahim Kalonji,2005-03-26,0785921536,RF64117869,1,KKM-K4,food,GCLZ4PO52Z34JX27MFKJUKV5L7WO5PFC4L74GYGEKWKME7CP7R6NDRUQ
R0323,Nyabol  Deng,1959-12-19,+254766037289,RF37496720,2,KKM-K4,food,GDX7XEOX5CMCD2PVXMCF5SZONOSX2AT4BF4MPEJ6IN6547BELXAIPLQG
R0324,CHOL KUOL,1975-07-24,0777147281,RF64146773,6,KLB-V3,food,GCOBJGRULS2AM7YUQ7FR7ZTHLMKWDZH5WGNG7SZ4JINJ6R4BXPYGOJMS
R0325,Mercy Ibrahim Kalonji,20/06/1965,254787731028,RF74310713,4,KKM-K4,food,GCL6UMVBHVJRQYHU2OLG65ZWPRQFCK4D5G7N6LRCUTEQKDC5G66PXFMX
R0326,Ubah Deng,1984-08-15,+254713847007,RF53662999,2,KKM-K3,food,GDSQ32VNRSHNTQNBEJGBPN23CC7VCWUZQ6MP4LJ7SK2ESUKOSAAHLF3M
R0327,Ibrahim  Nur,1958-01-23,0752027914,RF75832326,3,KKM-K3,food,GDJ64CJIYZQSQU2L4MVW54DZDL4GXKCGTMKNMUMIGS677JUFHNE4LUFJ
R0328,ayan nshimirimana,1990-06-06,+254775929286,RF94906115,2,KKM-K1,food,GDSJCDWLTAWTU2NNQVS3REHRCQKB4XRDFU522RXJJK6A4DURIIBWMSZQ
R0329,Ubah Dahir Garang,1998-09-27,0770504083,RF90672405,2,KKM-K4,food,GCF2K7MVEWDD4X24IY5XZWIYBQVXO6H55J4VV2ZU6UXL3HNADWZFSXYY
R0330,Maryan Jama,2004-10-20,0731 595 132,RF98078767,5,KKM-K4,food,GB3QWY2BTZKEZNQY62USUPJGWRRWDOHSMP26NDQHOZAIX3NHUMRSISVW
R0331, Beatrice Mukhwana  ,1992-02-16,0733 112 287,36048760,3,BGM-KBC,agri,GBH6E7UWOGLLUBLISKD42ZASUCF55S2FQYGDZ3L2JAZOUXLWRC2GQ7SG
R0332,Nasra Isse,1961-06-20,0760620009,RF76063859,4,KKM-K4,food,GAN3YDRTQVOQ53TMONC6ESVNYYQEYWXDJTCTYJ6G2FCJHTX2PHBEM5ZR
R0333,Hussein Nur,1968-09-23,+254795504779,RF16682828,1,KKM-K3,food,GARETJGJI3QAJG7VAZSNWNN3USAAHGES6JDU72FRJIL7T2YF5DVHDP7N
R0334,Chol Garang Nshimirimana,1999-02-03,0765264615,RF94729286,6,KKM-K2,food,GB5OIEQJURT7BQY5IGJNN6T5HLEHTTJBYVQF3GZIPEUUKPOXAN6AUS4X
R0335,Violet Masinde,1995-07-28,0741114454,37867399,6,KKG-MUM,agri,GDG2FZVFME6NOQPB2JIE4JE63ENSQFXT5CFWFANUVY3TDTZQPI7ZWSAC
R0336,geoffrey wekesa,1958-11-07,+254732569491,37081928,3,BGM-KBC,agri,GB6FQKBTU5CEJAKLPQ54GQUPSUBOLBFDDK2UXIITFCHKSNTRS6QST3P3
R0337,Nyandeng Abdi Gebre,,0775 579 687,RF52022940,4,KLB-V2,food,GCJFY42EUPCLJNENCXFURXT6RWSBPF2UMRG6H5HMRIWPCQ3U2OJIRW6X
R0338,Beatrice Nasimiyu Kituyi,1960-07-04,0701411940,22465230,6,KKG-LUR,agri,GCIB6DCMFGDX3DWMF6KHI4MJCJC45CDIAISVSG3QAYRNSLXTKSLAVCCC
R0339,Dorcas Simiyu,1996-12-10,0783404466,27084514,8,KKG-LUR,agri,GAS7VYLTD5OCYMH2IFVERPI7EPWDVIO4VEM6I2AMUHZCHE6UBU5X3NPD
R0340,Halima Deng,2005-12-07,0709697136,RF90390549,2,KKM-K3,food,GCHVZAFQTN4BMP3HBRK2L3KIUUYNEU2GZUJ7XVVMW6JPWIS24WVGWVN7
R0341,Metrine Wangila,27/09/1975,0741565906,35423338,7,KKG-MUM,agri,GBGCBEHSGDXGODFCCB5WAEHNGULVTRKERTGUCO7Y32FFD5KYFDHY2EDW
R0342, Pierre Majok  ,2002-01-23,0774631785,RF77592874,9,KKM-K1,food,GDSZSTIKZLLSHELTPOYYN623YVDW2UKSXXFB4POAWTPM2AWAKJGAB4GT
R0343,AMINA ILUNGA,1963-10-02,0743833442,RF69068262,7,KKM-K3,food,GCBWHZEBVQDGFMAZAHZXQBKM6ZJPTPMZU4OFBPXMAD2FITBFYBWGQZN7
R0344,Idil Akol Alemu,1988-05-22,0727860932,RF51741142,4,KLB-V3,food,GCEQQFH2D5D4Z5VATYM5GPWC5A7H77W7KEAV62LUM2HD5UH3I2HTNPXG
R0345,Abdullahi Ibrahim Dahir,1974-08-27,+254793976631,RF89265638,4,KKM-K3,food,GB32S6I2NRI6RHHLJHNXEQRMKB3BFO2C4I5BLU2H7NRIXPAF57JDFS3F
R0346,dawit garang,2004-03-21,0765 255 968,RF64945160,3,KKM-K3,food,GBCFFR2XR76NIQJ5PY7COQ6CD23KB3AVL35RSEHBXSJFR3OR6ZP3YKFT
R0347,Ali Garang Kalonji,2004-08-12,254737376312,RF22602813,3,KKM-K4,food,GD44ECMKB6FWCS5HY5BD37M67TU7IPEDBR5W46K3GPGYQFD2GCUUG4QZ
R0348,Tesfaye Niyonzima,1993-01-15,0724 805 823,RF19440697,5,KKM-K4,food,GATPQQRT7N6LZHJ73H4BCEEFV56MXXB6Z7WZ2MKTP33VGOEY5AQ7XDRZ
R0349, Furaha Bol Nhial  ,1981-08-18,0783492321,RF56737244,3,KLB-V2,food,GCRZW6TWUUEPDWNW2QBKCQMCBPD4QQYXHNVIJLNAQJCSYXECEJLIXIED
R0350,Abdullahi Yusuf Isse,1976-11-25,+254790972062,RF98845728,2,KLB-V2,food,GCHBBTVRI2VWIITV6QQ2LEI3T6QFA7NUIOOBVSDX5FCU6FYHXFC2LKIN
R0351,Solange Ibrahim Deng,1991-08-04,254718385334,RF65417449,3,KKM-K3,food,GBAV2CDAR7FIYEHV6RRNOJOJ56F5OPVWPTBPMCYELMHC5XN6BAMXESJB
R0352,Hassan Aden Tadesse,1960-02-04,+254794152598,RF72169376,4,KKM-K4,food,GBKJBK52IISUNOIB5IB3Z7W5WUTBT4IBMTEUI6FKO32B4XZVBJBMFG3G
R0353,Peter Nasimiyu Were,1967-05-13,+254704814813,38807836,8,KKG-MUM,agri,GAXWXV2DWHT4JXFYERZDFCHSSN2DA7WPZ3M7PU3ESUAIOVRZYZOPZE5K
R0354,majok isse,1992-01-02,0756124034,RF63347444,4,KLB-V2,food,GDDTZ6RFRXJTNC2KCWIFKDHYOM5KSFKP5CDKPGLWNOGOAZZBSD7EA2MQ
R0355,Achol Samatar,1979-12-17,0768598072,RF41187239,8,KLB-V3,food,GDFH4O3VSCSLPRPJG3G7S6ZZU4ZUGNUMNSHP25XUPCJUUVY2PDZE7PQA
R0356,Naliaka Wekesa,1955-02-13,0740558369,34600610,8,BGM-KBC,agri,GA3KFENBPOABAYYBCH7CBPWKSTQGNNCU2HYSMV2GGVNYZESQDFALSKSH
R0357, Claudine Bizimana  ,2004-11-18,0798 406 246,RF17263094,8,KKM-K2,food,GBSZ3KZUDR4OVT62JXIO6SI6TWGZK2FFO6NJE2R7QGY2MTXIYHZTXWEW
R0358,Khadija Garang Guled,1995-07-27,+254738489571,RF76824760,4,KKM-K1,food,GA46KKZ4UAU7MYBRUPLT4CRUDTPP6M5CFEHNODZUOJYRLTTZ2GKK7UVA
R0359,Mary Makokha,1998-01-11,+254766598726,37380231,7,BGM-KBC,agri,GDRLQ6GPQ5SGJ67HFHD5JFRK5G3H6BPBACDRLMBTZKLT5HFHOFR7757S
R0360, Neema Bol Mukendi  ,1998-05-18,254710095820,RF67826529,4,KLB-V2,food,GDRQXLSYYN462ZETYFR3DAPEFF7NBQOPQW4MDFRSHQGQSRBF2DRTKJWD
R0361,Nasra Bekele,2000-08-17,0772 543 377,RF88184563,4,KLB-V2,food,GDKNZLLJ5FLVYODKDM4BUOSP645CAGOIS5UHAROS4EI4LDIOO2L5FZ5V
R0362,Aline Niyonzima,1991-11-23,+254792536079,RF69404468,2,KLB-V3,food,GDOJIKPMAKL54FXW4G36OS3PUYXCTSNG62CU3JVJD2NPXGMGUYTZCNNF
R0363,Ayan Bizimana,2005-12-23,0703 384 569,RF98577614,8,KKM-K3,food,GAXYJVHQGEWENCFD6B5J3PXOGN5P7G27Q2HVJU4RDV7CL6Q7BSZJJYC5
R0364,Dorcas Lusweti,1992-04-10,0740191262,23203010,5,KKG-LUR,agri,GDYUDRK7X4GLJTO2WCYU2YOGOX67RYKKXPM46HOI2ZDKADBDLS7UNWDO
R0365,Espérance Garang,1974-05-02,0738 200 489,RF46329494,2,KKM-K2,food,GBHU6E3SFWK2CJ3F2XXFHIDI3NSGSHBXGU4AD7WT2WK5USZFCPFNB73R
R0366,Nekesa Nasimiyu Kituyi,1961-11-03,0742506498,RF-pending,5,KKG-LUR,agri,GC2DJKGIJ3BW32RQAVU77NVQXBBYEFCUX6T43CO4VYRAQ733JPSOBH7N
R0367,Espérance Osman Dahir,1968-06-20,0760448951,RF86800838,2,KLB-V2,food,GDK6DRLPDEEZTQEPXSK5MF5QOHAK2EFIJEKVBMVFN4GKG7HOIIABW3TE
R0368,Nafula Nasimiyu Shikuku,1983-07-24,0729559841,33759057,3,KKG-LUR,agri,GA3RNUFYWBQBFV23JGFZATFHDSIOSAKGDJU64VO4SOXA2FXH7EEMGKMS
R0369,Omar Gebre,2004-10-13,+254704917931,RF55287667,3,KKM-K3,food,GAUT66Q75IMGURZJG6ETPB5OKKQUCL2K7ZKYQ5E57RS7VXYZ7XEIAO4J
R0370,Claudine Abdi Akol,1988-11-26,254710087478,RF71732867,3,KKM-K1,food,GDBQCG64UZPBVRSOIKREIRILWJ5LQGZSIMUCWVWH2YWDJM2JC2MAB3XC
R0371,Idil Majok Mbuyi,28/11/1974,254785809022,RF82213978,7,KKM-K1,food,GAL7QJYI5UWOASAU55WOPD73JRH4QBBUZFWOLQFVD7CTO7YQBG3W2N56
R0372,Aluel Osman,1979-08-11,254707922362,RF46635150,6,KKM-K2,food,GD5ISPJQRVIWB6E5XFAP5Z6KSCHWKZGGXPCKSK6PVYIARXFI4RVUW3D2
R0373,Moses Naliaka Wangila,1973-06-28,0799 335 731,37868484,2,KKG-MUM,agri,GCTDHFNFT3GA7XQT5KV5BQEPMW7DRQWPBRDFJBOCXECW7FJOMTDX4V7V
R0374,Sagal  Bekele,1997-09-01,+254752949477,RF68493898,1,KKM-K2,food,GD7PZNZVBNROVOMYQWZZ6DAHD6GLI4GU2QKCXFKCAZXHKMFUN4S6V2MX
R0375,Lilian Lusweti,1955-09-10,0703840727,31756681,7,KKG-LUR,agri,GD76HEMWCZVLGITJSYBBUEPMZZNCB4VTF2PLHTXP55XBRH4KORHBZZRC
R0376,Hussein Tadesse,1985-04-23,0774835803,RF91409779,6,KKM-K2,food,GDMZHCC2IRS7MD4M7CV2B3ABKW7KQ6CGQ3UEIVMBBBZA52UWWCJ567AN
R0377,Neema Niyonzima,1979-01-19,254753696319,RF43471122,1,KKM-K2,food,GCVJTKFTWETXM57G5OU6JGCGYNRCWRD2T4RHOMN4CIJFIFNHGOLQHBPJ
R0378,Mohamed Akol Malual,1993-06-03,+254760409986,RF36156798,4,KKM-K4,food,GDVTDNQZALTC6XQ77IZWGDRZYPZXOXVZ7LFDMV3VVHT36ZSJDRW4ENXV
R0379,Everlyne Makokha,1987-02-19,0792251943,35011381,4,KKG-MUM,agri,GCP62EQNSWD7V6JBVD4TSUVILHWUMPI6UERMPRZDYCUARZ6HDMNFUSFA
R0380,Neema Mohamed Majok,1983-04-05,+254782059955,RF89913770,3,KKM-K4,food,GBDAEUTK3JQR5KWD4X4KO7A34XIY2R5DY4ZUYYWKVEJUU6DM5ZIUJA7U
R0381,Sagal Garang,1966-02-04,0780 994 766,RF23217689,6,KKM-K3,food,GBSWAA4GWIMM4MZ2SFL34S2QJIVC2F6QKXECXOXDLJ6SQ3GZG4GDTLFU
R0382,Ayan Mohamed Nshimirimana,1969-07-14,+254780309423,RF90024520,4,KKM-K3,food,GAFRK27XN2DIEDLC3YMRPTKNWIM5JUBW73RPLQWTG6CQKMW4X573QID5
R0383,Divine Abdi Majok,1995-06-14,+254731701334,RF23128121,9,KLB-V2,food,GCWWGV35CQKYQUJOEUM3WBE2DXYDYSDBFPASG4GFAUDXXJAJ7FZIQX7G
R0384,Yusuf Akol Warsame,1989-08-13,0773592772,RF53785052,3,KLB-V2,food,GCR2H4YY2AGDYEU7Q6YWHKBYFHDJ7VQXXNFDDX67TJQGYPTICNZ3BLNI
R0385,Amina Aden,1986-08-28,0779 207 845,RF51093655,5,KKM-K3,food,GBF3PNMTXADHOTE47HTS74UEW6FNAFKSB6NUTECBJBFAJY55LMBHSMPU
R0386,Deng Osman Isse,1958-06-18,0707679837,RF57258443,2,KKM-K3,food,GDEMMOT4OV62HNUNDM2VBMDBHPTHLX2TUJRRARFDNFLPOD5CX3OUXJGI
R0387,Fredrick Masinde,1967-05-21,+254780675203,20122295,7,KKG-MUM,agri,GC65XQMXOTSZMGP3E3NHEOLASY3W3AQMHCANIQTHISZYHXZDART2IU4Y
R0388,Fredrick Nekesa Lusweti,1998-07-18,0772483671,33706065,4,KKG-MUM,agri,GCEHMRQIMV36JYINZYJJRSQCCTRWNN7KJLN4NDIVQ3MT7U7NX4LAHSXV
R0389,Violet Lusweti,1963-05-22,0754899936,34029989,5,KKG-MUM,agri,GB2EV77HD2FJTHLGLAHOTZMUTVXFUAJ3HE53X5LJSLQJK7ODXXHUKIOA
R0390,Mabior Bizimana,16/05/1979,0792 853 992,RF57272589,8,KKM-K4,food,GBNFC56HIPW2HBRTTWPLKA4DUMM63E2EPYIOSQA3EGC4FW37DUGVZ7BV
R0391,Adut Kalonji,1960-03-25,0711 328 001,RF68460697,5,KKM-K2,food,GBC73FS4SHQQVQBUDMHRS56EAZTR3JPJ4GQLJLCYQMIRUDXIKA5RAQIP
R0392, Hawa Bizimana  ,10/11/1997,+254763724352,RF63224853,4,KLB-V3,food,GBKEOB25OS56BQEE33IJ764QDCMUYYWF2DIHGBGFHTZQX4FO33HZ6LOU
R0393,Mercy Omar Bizimana,2001-11-11,0790754818,RF88425350,5,KKM-K2,food,GC5U2CH36DYE7C7334PBIC6PEPG6BBQABESGZ5YK4QMFXG36F3XNQMWS
R0394,Ayan  Kuol,03/06/1983,0705 483 131,RF68203625,5,KKM-K4,food,GD4GYB6WMWEOVCDJWLACWSV2YKCX2T65G7ZNAFI4ZDOFJNI6CUVY5HQU
R0395,DEQA ISSE,19/10/1966,0770 548 085,RF22569884,8,KKM-K1,food,GDTWZZMKVOSZLMYOYFKMXMVFJWRSSZQZ6AOEASWTMPO345J3E3QDADCB
R0396,Halima Bizimana,1971-10-26,254722709531,0,2,KKM-K1,food,GADMT3GVG4N5F4T2SJM3HRTTJQAWLACI7AQP4S4UCF3RBW4GVDHCHL3F
R0397,Ayan Nur,16/11/2005,0738 851 303,RF99677396,9,KKM-K1,food,GCTT5GS6PXT2BHZKXU4ATUHFDT5MXKPNEF5PDAE7AYYOMKFJVF43T7QJ
R0398,Emmanuel Bizimana,1988-11-12,0796 540 386,RF52856699,4,KLB-V2,food,GB2JAHXEKR3BOI2XECSNRPGCJTH7WYVFQMGD7OG35STYUEW2NLZ26Y2Q
R0399,Divine Guled,1968-07-08,0731 398 363,RF50528226,6,KLB-V2,food,GAJCZ52VC4DUZF25E7E4JBEUMU5MI67FOXD4CV74VWHYKLTA3ZMPK26H
R0400,Grace Akol Deng,20/06/1988,0755368024,RF62487512,3,KLB-V3,food,GALS5SNUFEMZ3RLLW4DAGT77LJ7PLLAMQ2PLUWWOLSR7M7W3SBXGTJHG
R0401,joseph ibrahim aden,1983-09-26,0777179517,RF24706355,5,KLB-V3,food,GBXNEBMLQHKVG6IOGWO2HIX7IXT2P43HRBBBO47JJTHKZH5LFDWSN6R5
R0402,Juma Simiyu,1974-11-19,0708231094,39307670,3,KKG-MUM,agri,GDIKYFC76OSDGZULQM2BXICJPT4CYXCGPWNPX3OI3S2NPKI22MJQHOKN
R0403,Bashir Ali Jama,1964-12-13,0736942598,RF35587241,6,KLB-V2,food,GCFOVAOSGYWX63DYAKNHUUDGVPXJTQEZU7T7EAQTZGOHG3QN4N32X6X3
R0404,Aline Samatar,1963-12-09,0761509931,RF28786380,7,KLB-V3,food,GB6A6EZB7M6VTMOJ7AJH4UC5CX3ZH2TP5OJFUT5PBYUOXLN7FWJR6S4F
R0405,joseph mohamud,1994-03-07,254738139281,RF82992855,9,KKM-K3,food,GAJSGLT5KXV4FYCFZCKLGCUSYCE6X2AQQGNM2AHAWNJLUQ2MDA5PAEX4
R0406,Khadija Dahir,1981-05-12,0713 361 788,RF44690042,2,KKM-K2,food,GBMXIMMG5SRSDTJ3PQTPDCJJQDSVBCP7IWBSOI6YWROJWLFJLYHBT3J3
R0407,Sylvester Nasimiyu Wanjala,1989-06-09,0780 666 196,36675058,7,BGM-KBC,agri,GDGOVMIDR7HDUGRVCJZHR4PBV4PMHB54DFCCDRV6B234HS5T7LUT3JVA
R0408,Amina Niyonzima,1988-05-03,0740284388,RF29670632,5,KKM-K3,food,GDIKMOISAFIPQTLQI56GW7PHPMI6T2I7L7RQRPZF3UJRUFCIL3TZVIAJ
R0409,Awut Abdi Hassan,1972-08-11,0770016553,RF76676205,4,KKM-K2,food,GBBKFY2GMCKNW6SDJVNTW5WQBQ5BN4SH73QUWMH6R4NVSFLAXWWEQMNW
R0410,Hodan Garang Hirsi,12/01/1989,0778 180 831,RF74361978,3,KLB-V3,food,GAWR66XNXSWIPV2LNVQCIPQUB57U2V2A4DAAFZYQRMK25O3LQIC4IW3P
R0411,Ahmed Dahir Ilunga,2006-02-05,0723 222 986,RF48147612,3,KLB-V2,food,GA4L3WSRC5YJLHO2GCJLWB6ETVU5YNVTVITFQBV5YCDQF7H5GC6QPYJ6
R0412,Salah Warsame,2002-11-23,0742822324,RF32908346,2,KKM-K2,food,GD42GQJGECQP5WAEPA5R5KMO2WMP67JCKDBCQNLBQX7YSLHABFZ35JKW
R0413,Deng Uwimana,07/04/1991,+254748835335,RF79688947,7,KKM-K4,food,GDPYILLZ57SPB5YRPWIVBWUBDDID22LGGZGFJX7AWTTHPFE5OWUZDVMQ
R0414,Mercy Dahir,1982-01-14,0768190191,RF14433048,4,KLB-V2,food,GA5OBUL7PDZLFEZ56HCD7LMPYHQJMD2QTU4DZJOKN7YURYYJQ7BH4QMJ
R0415,Ali  Mayen,1964-12-10,0718432185,RF57104062,9,KKM-K1,food,GCON3KQRDP6KTNK5UD3VVJ6ZUYCN7BSZX76I6GEQMLMCVMWLHSPYT62J
R0416,SAHRA JAMA GULED,1977-11-20,254749525422,RF43997838,3,KKM-K3,food,GCYE2IHPZ745OIMY2J5R4JB2WKFPEKM35PZ7GBNXFEKVJ27OMQL2MHQS
R0417,Hodan Omar Jama,,0714193024,RF82925859,9,KLB-V2,food,GBOP4WXVBA4BW6NKJNKC5PXYGPQQNIVRDQPQ2AOCRBJNEM62EQJ3GUIL
R0418,Moses Nekesa Sifuna,1985-06-19,254783506766,34344097,7,KKG-LUR,agri,GB7WCJBXJWCRFEDVX2KI2ZVKTD7ULPKMDKFGUB3YLA6L55SGFUETEJEM
R0419,Violet Nekesa Sifuna,1977-10-16,254758734203,28734924,5,BGM-KBC,agri,GBY63G63LLM72FJMINATOWLNBPAHDJDWFAIPUQ3ZDHLZPMBKEUMSLOSN
R0420,Solange Jama,26/10/1999,254799014640,RF82143803,6,KLB-V2,food,GAJZLOD6BSQCTIHQ5FOSP4A272NKPUPBL7EHEMCCDC32ERDXWT5Y422F
R0421,Innocent Egal,1975-11-03,+254730346417,RF65321381,6,KKM-K4,food,GDRZBH7NYFZYC77JVUGNVCK46ASDO7HVVPORK7WHQM3CEJKOPIO5KUFQ
R0422,Abdi Majok Mukendi,1998-04-09,254726613040,RF17936283,3,KKM-K1,food,GCGOYKRXEEZEGA5EHDZBG4BOKCZR7GWN4QOW3YTTWUIZ3ZQIKMDKGQS2
R0423,Hussein Bol Warsame,19/08/1974,+254761468138,RF43856693,2,KLB-V2,food,GABX6DSABVDV4EYZUO4SKYBO6YRCZV4NNYFH7SLD27ZC3IOZAONOSTGB
R0424,Neema Osman Osman,1999-09-01,254791416274,RF94926209,2,KKM-K4,food,GB34GPN3QKKSTDEB62QUUCXRP3PSWBWLJISSJFFYMG7EERF5JADYLSIM
R0425,grace hassan bol,26/10/1963,0725539568,RF37050647,7,KKM-K4,food,GDR65P773B57SCCQRANT35L4M2B32KYHKE22QIVTMN53ILQQVCV4OMI7
R0426,Ayan Osman Ajak,1973-11-14,254712105339,RF59900513,5,KKM-K4,food,GAPO3IDHNHZFDQFXETEBRDDRHSAHYKMKFYTITBYGWNUNEILB3LSDNH5C
R0427,Majok Garang Bol,1999-12-03,0768899677,RF41035364,6,KLB-V2,food,GAYHV4VRGQSL3AC3J66MICYMGA2SLHFRSCVPGUD7PM2SDMQW6E3QXRSK
R0428, Ibrahim Ibrahim Akol  ,1963-06-04,254765855055,RF1234567O,3,KKM-K1,food,GBIP757XFUSFOPFUZMVZCMEJADOI2WCU7Q5LDTDWMOA7XQIZPPE7ORFA
R0429,Emmanuel Dahir,1974-09-28,254712775695,RF56687139,2,KLB-V3,food,GDC4UY2YJT7EU6MPNQ6HKRQKKTOCJ4MIRPMF5XEILDD34KRBFALNKPCQ
R0430,Patrick Niyonzima,,0701 215 064,RF92937562,3,KLB-V2,food,GAE4ES7FJWPXUBQBPVJC767WDEL7BNL2475VOEWTJE32QNOXPMBQHNVH
R0431,HODAN GARANG,1988-03-13,+254722212381,RF93745064,2,KKM-K1,food,GATJJGUPPYWV22TYD5RM4WOHEKGK42T5TI54WYNOWUCKNFRVWGJP6HYU
R0432,Janet Simiyu,04/03/1968,254732148265,30828819,3,KKG-MUM,agri,GA4HR3CMGMJ3JDIAUQKEXVX4HJCM5UI3COWIPCIBB3EPRG3KLYZ4ZANC
R0433,Benard Opicho,1958-09-27,0743801591,38560053,7,BGM-KBC,agri,GB5UVZBOGYU7XN65N7SSAWXYWSFTG3VI6D2LPCAHDFEW527MYW4H6PLR
R0434, Mabior Ibrahim Malual  ,1990-07-02,0722978377,RF69181863,5,KKM-K3,food,GBZGNFVXYEQ7VHCUX5LCU42GM7VYHHVOJ5YDEFCEW2FA7XUEZBAM44LX
R0435,Idil Nhial,1963-07-22,0743589145,RF76896524,7,KKM-K4,food,GCDGZQU4CSZN3GOQZ3OJAXCNFMRENTDJNZBX5EJQGL4ZU7PBE6NKY5L7
R0436,Hawa Bol Aden,1985-01-06,0780223085,RF58190820,10,KKM-K3,food,GA5VJRSKHYACEMLWKBALBFGTDIRWMQHVL245M2DKVT6OZ247VLD333UK
R0437,aline ali habimana,1973-02-05,0792424915,N/A,4,KKM-K3,food,GCMLXHRTGBAHMYXIZYD5IDMDH5BURWDL4DF5JTWV5LPTDNVJEAY6H6NU
R0438,Mary Garang Alemu,1989-12-21,254734873119,RF31963229,6,KLB-V2,food,GBUHZJAYUSLQAXLWJNZVSXRU37JYV2GLJ6KDJLBYAVRZ5NZYZ4AW5MI6
R0439,Adut Mohamed Hirsi,1968-11-11,0700 994 533,RF52200210,5,KKM-K4,food,GCXN4YSYZOM6Z4GGVRKMD7FAWP4D27QMJPCABRLMWWRDSS6GFI3O6RMI
R0440,Violet Simiyu,,+254719041339,22220422,6,KKG-MUM,agri,GDV4MB7MBYDVAVGMYAUINAW5XZ2PA7VBVSTIQO3UGG2VZHLA24L3PBO3
R0441,Hassan Akol Malual,21/06/1962,0759 272 886,RF71879066,7,KKM-K4,food,GDBIMMKHURL5ZPHF4SNSPBT6BE2VKJ4CMTWFXYNDD7JFF3P24ASD6QUC
R0442,Violet Masindeh,1995-07-28,254741114454,37867399,6,KKG-MUM,agri,GBGN45GOISLWHCA65LJIY5NXPOEF76433IUSDSGMOUCJ7HZHWIHN5HHI
R0443,Geoffrey Nyongesa,1959-03-23,0716926380,23224837,2,BGM-KBC,agri,GDVFCF34MIDLLRXGBJYZBKMQAOIEKFI67ZEIW4COSJ7MHYNNDT2AHSAV
R0444,Furaha Nshimirimana,1965-06-15,254732670805,RF22154433,8,KKM-K3,food,GDVEMRELFXFR5IDKXITIVSM7NLNUQ55Q6R3CXN6VRXCPHQNJXBEANDP4
R0445,Achol Garang Bol,1970-02-09,254741741113,RF96528801,3,KLB-V3,food,GCDGENQQZCMB7BDBTMJH5KGVIXPXB3EIGO7LF5FYMILE72XV3ZPLMC2Z
R0446,Hassan Ilunga,1983-01-28,+254759335097,RF21297164,7,KLB-V2,food,GDPT36O7JKWL4ZMKDN6FZPIMSYMBOSX4OKQKI5KBKMTIQAAFBPGHPL4J
R0447,Innocent Bol,1989-01-14,254750588591,RF98103049,4,KKM-K2,food,GAGMAEWS6LA3EJRKLHC5KFAKRO5MPVIJJS4HV4B6XLJLTBBEJ4BBMR7Q
R0448,dawit osman dahir,1993-05-17,0786 825 990,RF23905903,3,KLB-V2,food,GAASOSPHLBOD7GM6BKXMH72EIZ3I3ULMYMYBB44XRL4T32C7IWODKBAE
R0449,Christine Mukhwana,1961-08-27,0758 261 967,20602241,2,KKG-LUR,agri,GDEB5P6BBSJVYRASYGZORT75IQ5SHHU2EX2PNCED22JMUDM3NFX2RHUJ
R0450,Aline Omar Mayen,1987-02-12,254765972298,RF21761241,3,KLB-V2,food,GBD4YQFYWQ7F2WSLSNYPZBTGIDWZIXB2QC5MSBPI26TS4B5UGKCTXQQO
R0451,Asha Jama Deng,2003-03-12,0705548332,RF67285059,3,KKM-K1,food,GAQ24DVYUGMO2GZKM7IGVSVAYOWXBPVQ2FTW5HB2SMMRZ6ANHSWTANGS
R0452,Majok Yusuf Uwimana,1971-04-09,+254751671214,RF36415950,3,KKM-K3,food,GAJA33R7K5NVWELF3W36NMSFXTPTMC2B6CM73D643VFUYBZB6XK7WK4W
R0453,Nafula Opicho,1966-08-05,0769145316,23410220,4,KKG-MUM,agri,GAHO3U2Y6CLJRRP3F2Q5AMXC7CZRK6CCRQZJC7PIWTBZ24LWHLLLUXKG
R0454,Nasra Kuol Barre,1971-02-13,0737941168,RF34351400,4,KKM-K3,food,GBDVFGTSGDZN3QK4OBSNTZVRY53MYTQVUE4OS7QWKF4JO76OJPAQIGJG
R0455,halima ibrahim majok,1970-08-02,254773349200,RF17102575,3,KKM-K3,food,GCNZFPRW6F5X453H5RIL344LCQO7ELLRBG2X7J6EDRIAAQS655QE225S
R0456,Salah Kalonji,1986-06-19,+254754311603,RF96374219,3,KKM-K3,food,GC635BVD4AEQ3NDHADPDYIJYZJKMRFJOQIZZ7LVDNLL2EBVIXPKONKTE
R0457,Joseph Akol,1977-08-20,0761 645 069,RF28159619,5,KKM-K1,food,GCZ7GVRI7BWYZ7M7AJUSMKIZX2UIWQX2BZ6RKZOZ5FUNBZRNC7U3GQU6
R0458,Janet Wangila,,0740 724 790,22605536,2,KKG-MUM,agri,GA5BZHC3WJUT4I3WI4JZFVWMS6AYIHC3XFEFU5YUPDEGFO2TOTHUSP62
R0459,Abdirahman Majok,1975-01-11,0790447590,RF91532926,3,KLB-V2,food,GB4JSQB57BAS6VVXBI752GJO4XXRFQJYV44QSDHCJADITZKGHRZM777V
R0460,Neema Habimana,1996-12-15,+254780307544,RF86177156,2,KKM-K2,food,GDKHODXRXYNSQEETGWLRFLSHCJ6WRMNRIUZLEPYUTS4TEAUCHRKOR46D
R0461,Deqa Omar Hirsi,1959-12-10,0711131436,RF92361005,5,KKM-K1,food,GCDXJMLPNXNR77AXIV4MAIMFWNWWXK4IMMQF4QGWUA7VIZEZEOIRH7I3
R0462,Mabior Akol Garang,1967-12-22,254736621992,RF86818127,3,KKM-K3,food,GAR5W55ILJJXKQFKFD3WLECAQQUQ4I6AIXMCJRBHML3O4NAIVVMSRNT5
R0463,Grace  Ali Guled,1982-08-05,0719877374,RF61516480,6,KLB-V3,food,GDITGYTN56V3EGMOXVBW3XVZIXK7M33FUZPC4S3LEC3LLFOCU6N4I5H5
R0464,ACHOL MOHAMED HIRSI,1968-11-11,254700994533,RF89052112,5,KKM-K4,food,GCLMAFIRO6JSH4VE5NZRN25DQAILOLWMVWH4532URJ3C2O77JGPBP5C5
R0465,Maryan Dahir Mohamud,1982-10-23,0796 512 097,RF79371827,5,KKM-K1,food,GCPTN7V4WWCBE4ENQMVHTJ7S4Y6YB77JWZDE3KSW75G7HP5W4AORDZZ7
R0466,Hawa Bol Osman,1999-03-10,254787181597,RF88576494,5,KKM-K4,food,GBVMMCFX42P5W43S2JKURIKRGPVCZXR3GWCSLWOBZGZLNQCB3ZDTCUQV
R0467,Emmanuel Akol Nhial,1965-08-09,0761705916,RF74303198,6,KLB-V3,food,GDRBHFA6FDL6PS7FBD33YIQXUMX2KR2ML2A7M6ACRUKXMBFGF3CYZX4I
R0468, Adut Isse  ,1988-10-20,0724487310,RF35892924,5,KLB-V2,food,GB3LHRCQUAR7MXEFLPP6N2PF4CGUJBEEMJXQVURWCIEMRE2N2PELCCRI
R0469,Ibrahim Kuol Majok,1986-06-05,0761495297,RF91226387,1,KKM-K3,food,GCCNVXEHPYC3YHQCM54XM4Z77FNYATP2ZGKKCO47GCUSASVUA4UFFZVX
R0470,Yusuf Nhial,1988-01-23,254762615618,RF92470013,7,KKM-K4,food,GCIGE2EJ2CE2Y3J3EYQRPLG5YFV2PSWPA5FMNMGZ7HBE7ONWCDI6DJKB
R0471,Patrick Nur Mbuyi,,+254749463806,RF34156556,5,KKM-K4,food,GBQJ4SLD5WP52DPVPWL3C4EOWXY3HWELA7C7NLZ5ZWPSZVAWUC2ALGQ2
R0472,Sahra Mayen,1983-06-08,0719194364,RF68066970,8,KLB-V2,food,GDDVMZM33AIZRQFNQPZMV3XVTVC7UYXS7IG3ROQPVNZDKPZBGXS25Q5V
R0473,Nyakuoth Mohamed Ilunga,1973-03-27,254740260108,RF29836019,3,KKM-K4,food,GD4E3MW3DIZB72WFUPBJHTJO3YU6MVTWEH5TJPFUQDYKYX3XLQCDPDE6
R0474,Ubah Bol Egal,1964-02-15,0770 110 949,RF47248738,4,KLB-V2,food,GBYDLWC25C7LSZJSXCMSI77ORHG7RIVFOMDK53N6JDSOWYSIEDDZIZX2
R0475,Claudine Niyonzima,1984-04-24,0777528046,RF37102330,8,KKM-K4,food,GAKYFOR7Q3J5H7QWJ4C2D2H4KQLW4BRYJPNYYTEVLRFXQJJI7PNHKPMS
R0476,Claudine Akol Kalonji,1994-06-12,0735972973,RF62669926,2,KKM-K3,food,GCJW7SPAWE6RKZWEZH7TIB5K5W4J42PN36Q3WLDFOS6SENQWHWELYUDW
R0477,Metrine Lusweti,1989-10-01,0702911552,27477575,7,BGM-KBC,agri,GCVDZM3GNGKMFIZL4HDBC7ZV2QSCG7FA57DGIC27KO7CZFIHHTIMQKQD
R0478,Yusuf Hassan,1959-04-14,0756503533,RF69693343,4,KKM-K3,food,GDNWYHGBDUN6RIP7WEY6DVB42OMDVGXJQC635M5RVIMZZWL2S6RCLISV
R0479,Nyakuoth Hakizimana,1981-10-22,0794 539 123,RF20375791,4,KKM-K1,food,GA4HSYH3HVIC7IOMK3WQPWGFOWKSFOR2KVCJH2AGLGUBUQ2E6BQR3IPB
R0480,Nyakwoth Bol Majok,27/03/1991,0792 627 973,RF71197053,3,KKM-K4,food,GCWMDJD6UBFWGIGFMA3MUWVULK7VZORW5BYGOAIY235YY4CM2ZZWFHII
R0481,Achol Dahir Mbuyi,1989-01-21,+254782079573,RF58602493,3,KKM-K4,food,GBSVDHVNUC72FQHLSQ4VFU7LW42S23F47FLQW2VH6AJJITJEFNVUKO6Y
R0482,Faadumo Nur Makuei,2001-06-16,0748 263 226,RF20280251,4,KKM-K4,food,GCBDEFJ5QMZK77NPPRHKOTW2F6W2YFMNNYNMNBOM7MCRWKQSSO5NAHE4
R0483,Nyakuoth Osman Hirsi,1979-02-08,0717185267,RF98974253,4,KKM-K3,food,GAOLUMVYYOQ7YFP4OWTGODMBAIGQW7VHTKNTLADLYKI4KKDYPUKWFZ3C
R0484,Sagal Kalonji,1962-05-17,0707665255,RF35153669,8,KKM-K3,food,GDVTPTVPGJDOP6S375OTJVUGUY37JRLSGB5KG44QFJQOX4CZB3KCZYOR
R0485,Mabior Uwimana,1992-06-01,0724 953 681,RF69264748,5,KKM-K3,food,GDK3FBY5GPQW2HIVFWXYJ4O3QNGDFTIKQJNDHH7QYDMJEEPLGSBPQEFJ
R0486,Nyabol Deng Guled,1998-05-06,0795862992,RF61864451,7,KLB-V2,food,GBTX34FGMJU6CZD7J4K4WBFOBHNCPQHTD56EPOPHMP4YUM2Q7DIH2PBQ
R0487,Rose Nafula Khisa,1959-06-17,0745270625,25167111,5,KKG-LUR,agri,GBP5DDV4EKS7IN3YOYCGMGFRHDAKYEF7KD2UACB5JILCD7HSNZCLMI3O
R0488,Yusuf Jama,28/04/1995,0783753890,RF36872726,6,KKM-K2,food,GBCHYQXYXOT3RKIVSZZD67OEP6RSJYSOUPKCSWKCGXQDG7E3MUVO4OV7
R0489,Mary Nur Hakizimana,,0748493369,RF13873998,1,KLB-V2,food,GDK4KMB5QDJPF7JUE6FELOEPK4E6VKO2MA3YVB624CT4YTXXTCEYT3SJ
R0490,Asha Dahir Nshimirimana,1993-10-19,0734 149 042,RF17512112,6,KLB-V3,food,GCIUDQRGGF4VMXA4BOMFNAFL3T3GHX5QFYZDRANF2AX2EGXCTUPKYO7K
R0491,Kuol Yusuf Hakizimana,21/10/1972,0733863153,RF18773840,3,KLB-V2,food,GDPDBNIAW4OA45GYCHGPUSO2TLDQRNTS4CGNM3DBD3VJIWS4AE6H2K57
R0492,Emmanuel Tadesse,1989-06-19,+254759425637,RF44472269,4,KKM-K1,food,GC42RNTGJP7CTDRIIKN6FWKUQO4V32G7T6SUAXYQG73G6J37RS3433FB
R0493,UBAH MAJOK,1969-04-07,0712240421,RF97939664,8,KLB-V3,food,GBBNKXBXODSP6WIRZ2ACW6Y5IKI7MTLF5JQNQZBEMNGF53JYJWLGMXGB
R0494,Jean-Baptiste Majok Isse,14/07/1982,+254785412796,RF41545000,9,KLB-V2,food,GCA6A5UA2QH6ZXE3HN7HDLJ3OOKFGVTVAT63ISI7BZNEQIQAWJDNBVUC
R0495,Hassan Gebre,1995-12-21,0777430183,RF28970268,4,KKM-K4,food,GALEL5PIQS653QI6P5C6YULH3L45JKQOSUV4LJRN4OQUYPYXQFZLAYBT
R0496,Mercy Nur,,0723711607,RF91764286,8,KLB-V3,food,GA4BOBWHO5GVIAZGVJECVSZDHK7OZ5TXIIZSIYSTW7LFA6RRG7JSZIU7
R0497,Kuol Uwimana,1997-05-19,+254736578875,RF69965866,4,KKM-K2,food,GBQIPX7OM64E7LBXCCKHONYO2BHRJIYVMMIPQZAM3CS42MM3XDNCYHEN
R0498, Abdirahman Majok Nhial  ,,0714681338,RF78003727,4,KLB-V3,food,GAFHXFLBYDUMHI5SDFTM66ENJ4F6JVV5PMEQGK7EBYKTX53LFNXPO3CV
R0499,Mary Mutali,1993-04-23,0799169641,29702578,7,KKG-LUR,agri,GCUQ57B7QPYOUTMVAXIYP33GEHVDQA7RPEDSBC4GMRFSQKTUHOTBEQTA
R0500,Joseph Omar Ilunga,1978-10-23,0749 711 016,RF65414520,9,KKM-K2,food,GA2IZEBA6KCHZC2LM5KS3Y3F4B7POL3KU2VKY5DWOTITG5PD5GVAATZK
