licence_no,issuing_authority,business_name,licence_class,status,expires,county
SBP/TCG/2026/0212,TCG,ILHAM PROVISIONS,RETAIL_FOOD,valid,2026-12-31,Turkana
sbp tcg 2026 1169,TCG,Uwimana Shop,RETAIL_FOOD,valid,2027-03-31,Turkana
SBP/TCG/2026/1000,tcg,Kakuma Pharmacy,PHARMACY,valid,2027-03-31,Turkana
PCPB/AD/2026/1121,PCPB,Wanjala Agrovet,AGRO_DEALER,valid,2027-03-31,Kakamega
SBP/TCG/2026/0170,tcg,FARAJA FOODS,RETAIL_FOOD,valid,2026-12-31,Turkana
SBP/TCG/2026/1364,TCG,Aden Shop,GENERAL_TRADER,valid,2026-12-31,Turkana
SBP/TCG/2026/1052,TCG,Songot Grocers,GENERAL_TRADER,valid,2026-08-31,Turkana
pcpb ad 2026 1319,PCPB,Were Agrovet,AGRO_DEALER,valid,2026-12-31,Bungoma
SBP/TCG/2026/0926,tcg ,ADUT'S KITCHEN SUPPLIES,RETAIL_FOOD,valid,2027-01-31,Turkana
PCPB/AD/2026/0451,PCPB,Kabuchai Agrovet,AGRO_DEALER,valid,2027-06-30,Bungoma
PCPB/AD/2026/1088,PCPB,Barasa Agrovet,AGRO_DEALER,valid,2027-03-31,Bungoma
SBP/TCG/2026/0925,tcg ,NEEMA FRESH PRODUCE,RETAIL_FOOD,valid,2027-01-31,Turkana
SBP/TCG/2026/1130,TCG,Warsame Shop,RETAIL_FOOD,valid,2027-03-31,Turkana
PCPB/AD/2026/1220,PCPB,Khisa Agrovet,AGRO_DEALER,valid,2027-03-31,Kakamega
SBP/TCG/2026/0198,TCG,SALAMA BUTCHERY & GROCERY,RETAIL_FOOD,valid,2026-12-31,Turkana
SBP/TCG/2026/1078,tcg,Kanamkemer Store,RETAIL_FOOD,expired,2026-03-31,Turkana
SBP/TCG/2026/0114,TCG,HODAN MINIMART,RETAIL_FOOD,valid,2026-12-31,Turkana
SBP/TCG/2026/1234,tcg,Majok Shop,RETAIL_FOOD,valid,2026-12-31,Turkana
PCPB/AD/2026/0460,PCPB,Shikuku Seeds & Fertiliser,AGRO_DEALER,valid,2027-06-30,Kakamega
SBP/TCG/2026/1286,TCG,Osman Shop,RETAIL_FOOD,valid,2026-12-31,Turkana
PCPB/AD/2026/0466,PCPB,Namisi Farm Inputs,AGRO_DEALER,valid,2027-06-30,Kakamega
SBP/TCG/2026/1208,TCG,Nur Shop,GENERAL_TRADER,valid,2026-12-31,Turkana
SBP/TCG/2026/0927,tcg ,KALOBEYEI SUNRISE GROCERY,RETAIL_FOOD,valid,2027-01-31,Turkana
SBP/TCG/2026/1156,tcg,Egal Shop,RETAIL_FOOD,valid,2027-06-30,Turkana
SBP/TCG/2026/1312,tcg,Mayen Shop,RETAIL_FOOD,valid,2027-03-31,Turkana
sbp tcg 2026 1273,TCG,Uwimana Shop,GENERAL_TRADER,valid,2027-06-30,Turkana
SBP/TCG/2026/1039,TCG,Nadapal Traders,GENERAL_TRADER,expired,2026-06-30,Turkana
PCPB/AD/2026/0828,PCPB,Lusweti Agrovet,AGRO_DEALER,valid,2027-02-28,Kakamega
SBP/TCG/2026/0135,tcg,TWIGA RETAIL KIOSK,RETAIL_FOOD,valid,2026-12-31,Turkana
SBP/TCG/2026/0142,TCG,UPENDO DUKA,RETAIL_FOOD,valid,2026-12-31,Turkana
SBP/TCG/2026/1390,tcg,Hassan Shop,GENERAL_TRADER,valid,2027-03-31,Turkana
sbp tcg 2026 1117,TCG,Letea Duka,RETAIL_FOOD,valid,2027-06-30,Turkana
SBP/TCG/2026/0163,TCG,DENG BROTHERS STORE,RETAIL_FOOD,valid,2026-12-31,Turkana
PCPB/AD/2026/1286,PCPB,Simiyu Agrovet,AGRO_DEALER,valid,2026-12-31,Kakamega
PCPB/AD/2026/1154,PCPB,Wekesa Agrovet,AGRO_DEALER,valid,2026-12-31,Kakamega
PCPB/AD/2026/0457,PCPB,Mumias Agro Supplies,AGRO_DEALER,valid,2027-06-30,Bungoma
SBP/TCG/2026/0191,TCG,AMANI VEGETABLE STALL,RETAIL_FOOD,valid,2026-12-31,Turkana
PCPB/AD/2026/0463,PCPB,Wamalwa Agrovet,AGRO_DEALER,valid,2027-06-30,Bungoma
SBP/TCG/2026/0128,TCG,AL-AMIN WHOLESALERS,RETAIL_FOOD,valid,2026-12-31,Turkana
sbp tcg 2026 1325,TCG,Uwimana Shop,RETAIL_FOOD,valid,2027-06-30,Turkana
SBP/TCG/2026/1247,TCG,Nur Shop,RETAIL_FOOD,valid,2027-03-31,Turkana
SBP/TCG/2026/1091,TCG,KALOKOL FISH & GRAINS,RETAIL_FOOD,expired,2025-12-31,Turkana
SBP/TCG/2026/0149,TCG,BISMILLAHI SHOP,RETAIL_FOOD,valid,2026-12-31,Turkana
SBP/TCG/2026/0156,TCG,NURU CEREALS,RETAIL_FOOD,valid,2026-12-31,Turkana
PCPB/AD/2026/1253,PCPB,Wekesa Agrovet,AGRO_DEALER,valid,2027-03-31,Kakamega
SBP/TCG/2026/1195,TCG,Makuei Shop,RETAIL_FOOD,valid,2026-12-31,Turkana
SBP/TCG/2026/0723,TCG,Lodwar Road General Traders,GENERAL_TRADER,valid,2027-03-31,Turkana
SBP/TCG/2026/0177,TCG,BARWAQO SUPERMARKET,RETAIL_FOOD,valid,2026-12-31,Turkana
PCPB/AD/2026/1022,PCPB,Makokha Agrovet,AGRO_DEALER,valid,2027-06-30,Bungoma
SBP/TCG/2026/0107,TCG,MAMA NEEMA GENERAL SHOP,RETAIL_FOOD,valid,2026-12-31,Turkana
PCPB/AD/2026/0829,PCPB,Sifuna Farm Inputs Ltd,AGRO_DEALER,valid,2027-02-28,Kakamega
pcpb ad 2026 1187,PCPB,Nyongesa Agrovet,AGRO_DEALER,valid,2026-12-31,Bungoma
SBP/TCG/2026/1351,TCG,Bekele Shop,RETAIL_FOOD,valid,2026-12-31,Turkana
SBP/TCG/2026/0121,TCG,KAKUMA FRESH GROCERS,RETAIL_FOOD,valid,2026-12-31,Turkana
SBP/TCG/2026/0205,tcg,HOPE TRADERS,RETAIL_FOOD,valid,2026-12-31,Turkana
SBP/TCG/2026/0724,TCG,Bungoma Mjini General Stores,GENERAL_TRADER,valid,2027-03-31,Bungoma
sbp tcg 2026 1013,TCG,Loima Hotel & Eating House,EATING_HOUSE,valid,2027-03-31,Turkana
SBP/TCG/2026/0184,TCG,KALOBEYEI MAIZE MILLERS,RETAIL_FOOD,valid,2026-12-31,Turkana
pcpb ad 2026 1055,PCPB,Makokha Agrovet,AGRO_DEALER,valid,2026-09-20,Bungoma
PCPB/AD/2026/0454,PCPB,Lurambi Farmers Centre,AGRO_DEALER,valid,2027-06-30,Kakamega
