merchant_id,business_name,licence_no,issuing_authority,categories,onboarding,onboard_day,location,address,notes
M01,Mama Neema General Shop,sbp tcg 2026 0107,TCG,food,legacy,0,KKM-K1,GDK6P72HUZA4RSLZADIU6HK3BZJTHE4YYGDMWJBWFZSLRCE7JEIKRX4F,
M02,Hodan Minimart,SBP-TCG-2026-0114,TCG,food,legacy,0,KKM-K2,GCONA32IAXZYFIS4C4RUI2LNSPQ3LHC44ONTCPPEGLIUEMCLSJXB6YY7,
M03,Kakuma Fresh Grocers, SBP/ TCG/ 2026/ 0121,TCG,food,legacy,0,KKM-K3,GC7X6BLMEEG7VWLK3VNGG4PFBI7SSNIOZZBCZUUX2OS5SJXYNWZYEYDF,
M04,Al-Amin Wholesalers,SBP/TCG/2026/0128,TCG,food,legacy,0,KKM-K4,GBC3MZAUCG2OXXZZMIRC6VAHIHHPDQFDC3FHRTLOR4JMBXIJ5CFZHF3T,
M05,Twiga Retail Kiosk,sbp tcg 2026 0135,tcg,food,legacy,0,KLB-V2,GAU34VI24VJVJJX2H5NQQBQH7QJSZVEIQHWR4OXL6J36DOSBVSYOZJLH,
M06,Upendo Duka,SBP-TCG-2026-0142,TCG,food,legacy,0,KLB-V3,GALAWP7UJ4V5Y6DBIXKHZYDQL3KDV5SBY76FB4ETFWSTSTGXSSN2LVGN,
M07,Bismillahi Shop, SBP/ TCG/ 2026/ 0149,TCG,food,legacy,0,KKM-K1,GCGXOUK2YDTUQLYYQ2YFMADGLUSY2HBWLPCLMI6B2YICZFF5H4Q2KVZX,"suspended day 17 (price-gouging complaint under review), reinstated day 33"
M08,Nuru Cereals,SBP/TCG/2026/0156,TCG,food,legacy,0,KKM-K2,GDLOJNKQQNVSNRV5DBK2ITEBUVS2QLHOWG7FQG4BB5QKJLXV3FS4LGSK,
M09,Deng Brothers Store,sbp tcg 2026 0163,TCG,food,legacy,0,KKM-K3,GASAXTUEZZJ52WXS6F3M6W7ROG4IG3ENDMMNSKB2KLTF3H3XZHR77TKX,
M10,Faraja Foods,SBP-TCG-2026-0170,tcg,food,legacy,0,KKM-K4,GDQNQ6XS75N5CXZX36JE55L4FBJTBKOL2AZOCHTK2Q5CX6TN3PI3XCSJ,
M11,Barwaqo Supermarket, SBP/ TCG/ 2026/ 0177,TCG,food,legacy,0,KLB-V2,GBWSMOI57ZK3ON7GRLK3MZGXELJFH6UDJZ5DVMY7TSGTN2POY5IMEDDA,
M12,Kalobeyei Maize Millers,SBP/TCG/2026/0184,TCG,food,legacy,0,KLB-V3,GCQI6MNTABTZG3GH6DEZMZHJXBHEDUSOUNQQA4HTRB5DEENFPJZBDV2W,
M13,Amani Vegetable Stall,sbp tcg 2026 0191,TCG,food,legacy,0,KKM-K1,GAK4LDKVH3IJ6UHEEZCF6W6IDBN6AB7WG7MPXZA6ARAFYP3BIG4IZNSW,
M14,Salama Butchery & Grocery,SBP-TCG-2026-0198,TCG,food,legacy,0,KKM-K2,GAS4UEJ4HJOCIJ32GXARJPMPF4V6CGCNDIR4WWQBH4CSTLD4GKZEXJZM,
M15,Hope Traders, SBP/ TCG/ 2026/ 0205,tcg,food,legacy,0,KKM-K3,GBCJAYQ2B3LUA35ZIBIUJLZWX26DNJ5IW4OYJGU5E5AE42BZUIU7JDBG,
M16,Ilham Provisions,SBP/TCG/2026/0212,TCG,food,legacy,0,KKM-K4,GAGV3ZCQBRSALXBKU37RDFK6V3JVSOIJOWTHNQ5EHWRTUBK57OMTMYM6,
M17,Kabuchai Agrovet,pcpb ad 2026 0451,PCPB,agri,legacy,0,BGM-KBC,GANPGEXGTZLI4SOZYP6ELHRI7PL3BIJUZMCKUHGMMI23TCEHBV3OTUPS,
M18,Lurambi Farmers Centre,PCPB-AD-2026-0454,PCPB,agri,legacy,0,KKG-LUR,GDCUAVU3LNZ4U2FTBXAKTOE4654EWWRYUGYTLEVBNXEILINMFV3Z5TP2,
M19,Mumias Agro Supplies, PCPB/ AD/ 2026/ 0457,PCPB,agri,legacy,0,KKG-MUM,GBLK26JRSHBKM67L6D2YINXPEAT7XFV5HPY6NR6PAH5U4VQB246T5GIV,
M20,Shikuku Seeds & Fertiliser,PCPB/AD/2026/0460,PCPB,agri,legacy,0,BGM-KBC,GAM55LY7LMVNKPVPLDTYQ2WIIBVDG5HCQDKFLKNXIP5GIAOKE2B2RJQ5,
M21,Wamalwa Agrovet,pcpb ad 2026 0463,PCPB,agri,legacy,0,KKG-LUR,GDZRHQSZEG6VUAQWB74CD3NZ6XLCQ63L7APA6M5OUAZUT4WDYDJ5OOSS,
M22,Namisi Farm Inputs,PCPB-AD-2026-0466,PCPB,agri,legacy,0,KKG-MUM,GBUFUHRRZ2FUZYR2EZYUUI724LGVOBZEUCTCABVHOPF7IBAVUPAXTTAN,
M23,Lodwar Road General Traders, SBP/ TCG/ 2026/ 0723,TCG,food;agri,legacy,0,KKM-K2,GCTFR6PSTYTIPDKNENX5SGAGZ56IDEXSC33WXWGYY3HEMJYCD35JT7Z5,sells both food and farm inputs
M24,Bungoma Mjini General Stores,SBP/TCG/2026/0724,TCG,food;agri,legacy,0,BGM-KBC,GDOT7YLWAUSBTHCPPR7PBABMLRICCDC7GMXNA4NCBEUBURQPSAWGR3JH,sells both food and farm inputs
M25,Neema Fresh Produce Ltd.,SBP-TCG-2026-0925,tcg ,food,self,3,KKM-K3,GDH3MAPEWI735YVRKWJ3PJFJ6ZRFW5BASCNG6FHYSNSO64EFEL45I2HT,self-onboarded against the licence registry
M26,Aduts Kitchen Supplies, SBP/ TCG/ 2026/ 0926,tcg ,food,self,5,KKM-K4,GAMNEO4Z4PYCGKRQRQAIOFHBXJJOFWEGTZHTOGLSWA622HFL2UCLL6HP,self-onboarded against the licence registry
M27,Kalobeyei Sunrise Grocery,SBP/TCG/2026/0927,tcg ,food,self,9,KLB-V2,GD6FCR7P7DEZEO2BACF325BKHYGBGPYJS3T676Z5EEPR3T32I5GNLFLH,self-onboarded against the licence registry
M28,Lusweti Agrovet,PCPB/AD/2026/0828,PCPB,agri,self,4,BGM-KBC,GC5SVQ6M6FOQQIRJ3GYVDZKVT4XWLLSSUTO3EU6DSZQCEHN5XSS5ZSYW,self-onboarded against the licence registry
M29,Sifuna Farm Inputs,pcpb ad 2026 0829,PCPB,agri,self,11,KKG-LUR,GD5H4M6RWEPDITXH52QN36K6CL5FC7KGD4VEHRFE5HLF5UGGPMPW5EZ6,self-onboarded against the licence registry
M30,Quick Cash Mini Shop,SBP/TCG/2026/0999,TCG,food,refused,6,KKM-K3,GCJ3TZ67ZHM7HUVROZQ5HBUVOSKUPJXKFBXX67WON7XREDNO44ORND7M,licence number not in the agency registry: refused LICENCE_NOT_FOUND
