phone,walletAddress,id,amount,verification,paymentID
0779399951,GBS6XLTGX6Y2BCEVAMPT6TYL3YJUYZ3HGASMG7PDBOHPYM5MI4WIUONQ,R0001,6.00,27/12/2002,OVFOOD-2026-09-0001
0711165920,GC4SSDS32O34GREAAQV2XB3K3ANE7Y75QVXOGYDM7VHPEEA4OPUJBZKP,R0002,13.00,1997-02-23,OVFOOD-2026-09-0002
0762 976 802,GDBIZDNF2LCR4Y274FKX4LNUMKOFCSGKQHCIPTFRVHFBISMZ4E7YPUF4,R0003,40.00,1983-08-02,OVAGRI-2026-09-0003
0756732748,GBSGTGO4BRBVWBAOQJTVIX35XCI6JFHGKPMRFL23RTPI7Y7HQUFJR6LS,R0004,13.00,1998-06-20,OVFOOD-2026-09-0004
0713031274,GCF5JDFNQT6XHIRS2BKDR5VK7HZCW5A25AG4PCNQO72WYCFT227HP4NH,R0005,13.00,1985-08-25,OVFOOD-2026-09-0005
0743 757 857,GCVHBOCLSQFLMTAABYOKSXJB7IANE7PJRX7TSFYXFH2ETSMOGRDMX7WL,R0006,9.00,1981-01-06,OVFOOD-2026-09-0006
0787132414,GACAAHG5SOKTEASR2GBPJTCGC535NAUGGISXH5OH3T2FEMTQGXIU6RSN,R0007,40.00,1968-05-01,OVAGRI-2026-09-0007
0764183018,GCKFENB4DARWSIHQPX5UR3KNVIZQ5MVAMYSYVPNWISVH4SUEXYRNUNSE,R0008,9.00,1974-10-04,OVFOOD-2026-09-0008
0726 544 253,GCDJRKVZNX6Q7PHVUSRPUAQQX5TQ4667XVDMFJCO7ICSTM6EA5YCCZCD,R0009,6.00,1979-06-09,OVFOOD-2026-09-0009
0717478663,GAY26446BVOEXE7HYTEYAGS3WHGB4VKRJ7GPJLRPZNII5D7WQQZQDPNP,R0010,40.00,1967-12-01,OVAGRI-2026-09-0010
0787 009 579,GCTJLY7ZRJ2MYPL563QWBWKBSNFI2CT3F4V7KVXNEJU7HYUKULSA34FE,R0011,13.00,1962-03-27,OVFOOD-2026-09-0011
0764968063,GBPZXJNBHZGOLUI2YIMIXULBT5UL3A2BXYFL7366VCTGXHK4R6AZG5YK,R0012,13.00,2003-07-08,OVFOOD-2026-09-0012
+254781570945,GCHG4LT3ODT2HNWLKM52CD5KPE7RG75YIBHYTVYTFVGGPSMDSWA5MZWT,R0013,13.00,07/04/1982,OVFOOD-2026-09-0013
0745090170,GBGLQ3PJRW5NSSRXTS4PPLNUFBZK3CSWXKNUCFLVJWOT3KXA67XJ4YXK,R0014,6.00,1977-05-25,OVFOOD-2026-09-0014
254786521766,GAU5I43XKVXWLPHP55SVKD6ZCCEWVOQYZWZRAPLFVKT64ILL7DW4VHU3,R0015,6.00,1970-10-26,OVFOOD-2026-09-0015
0700665733,GA3VBOFERTKTP2ZSKCIX6V5PF63LS7XHXA4WUJWAF4MFMEONHEGMAKOK,R0016,40.00,1994-09-08,OVAGRI-2026-09-0016
0733 846 728,GBH2TEP26XSA3HFRA2DQVNA7OXU6V4TXSMSMUXWF4UFQFMHM5V2SXXKA,R0017,6.00,1997-08-01,OVFOOD-2026-09-0017
0795263128,GBTTHQKF5ZXWQTAI7Q75YPLWTV6PND4ABIQ3AETWIHLF4RSVITQEL5KC,R0018,13.00,1970-08-06,OVFOOD-2026-09-0018
0759644878,GAVGGPNR2H44NAE73VEFDS34YNWYABIFPDODFWDKY35SC46JBBXI4X4O,R0019,9.00,1964-07-23,OVFOOD-2026-09-0019
0700926264,GC6O5E77I225IGZFMVII26WZDBQLSN7T6N4LKK5T7DGF5IU5YXAP6MIQ,R0020,40.00,1971-10-24,OVAGRI-2026-09-0020
0795203616,GBAUKOPAKBXFQWGEAB3NTEWZDS22NP27CDWUTHPCKLQHLJE7UKZFPV77,R0021,13.00,1967-07-28,OVFOOD-2026-09-0021
0753010704,GBL7S7QPULSGVJHS6UXUFTUCJ2QZ2UZY67WKV7GBFYKICWU2CJJ4KGX3,R0022,13.00,1987-08-07,OVFOOD-2026-09-0022
0792 703 074,GB2D6SKFGIDBM7UTXE56VNRFAFQAMXXIPMYJLODG7FATWWBGOB6D435T,R0023,12.00,1989-07-02,OVFOOD-2026-09-0023
254751653470,GB254ILUKWW5FWTA7PXW5KIVQZMTQCYZYWMNJ5EDHZ22UQKHQG2CMIT7,R0024,6.00,1969-03-22,OVFOOD-2026-09-0024
0757 359 867,GCK6SVDQI2WFGCRRDRQQGWMQFEVJJJBRDZSROPNLFPD6LS2MX66ZVWVA,R0025,13.00,2002-01-24,OVFOOD-2026-09-0025
0707439804,GAAN522VGA7YDXHTJ7C6TGGUMBA2IDEXCG4SWUVVMSIN5ZL5WMUWXRNK,R0026,13.00,1960-06-19,OVFOOD-2026-09-0026
+254788677381,GA5WUBZYSRROUWORVAHOWK5YOQ4BBVNCCW7DE6NZ45TUKUC323TQREPT,R0027,40.00,,OVAGRI-2026-09-0027
0747 795 612,GBUDST554BEDQ5MTLUZHVBKYL72NSD33JVGQIYXWT67BLAMXAGD7DPH3,R0028,12.00,1965-10-21,OVFOOD-2026-09-0028
0747150780,GCYVDDMINQTDXZH6TJIJNW3HS54EXPNSABOMEZFOENCO4IV4VUYDFWA4,R0029,12.00,2002-04-22,OVFOOD-2026-09-0029
0739570076,GBMA2VODUCADT2YF4EEFZQPQ6LU6677WKAC63B2BXFC4AUOBGTGCZWVU,R0030,13.00,,OVFOOD-2026-09-0030
0758868132,GAQ5WTDKVSE4LNPGLASZR7PLPOBFCC7J3AKJIIKGTOVP2L2EEBDOKRWY,R0031,40.00,17/03/1994,OVAGRI-2026-09-0031
254743060727,GBGY6PPZ2OASB4OK45UVQ66FJFBKBB2LA4YTEVB4L4P342EM75IVLIR4,R0032,13.00,1971-02-25,OVFOOD-2026-09-0032
+254718785709,GDX3C6NOQBZRTG6JVJ6OHVXXTPQ7GVTUVIRBR5K5FJN24UEQ3VTTZMPD,R0033,9.00,,OVFOOD-2026-09-0033
+254765539377,GCMP7CPTTVCZEE7VK3JBVDEVDOPBBJWXOEQC6F7W7S7ABCU3C3ZGOAKN,R0034,13.00,15/02/1970,OVFOOD-2026-09-0034
0791209385,GDSNXH2YRHBEECXC7MANXBM3J773BWXQ3LIXHNCYAMSKUW6U5KF7OWLQ,R0035,13.00,1982-02-11,OVFOOD-2026-09-0035
0738636619,GBP6UN2HC2D3EEYXF6FDST5GJNFTC366ODZWRPEP63VFLVOLJCLJJVMY,R0036,12.00,2003-04-22,OVFOOD-2026-09-0036
0702 231 521,GCG3RERRTTY6GGIDYFVIIVWWNBIYDET4RDTGTPZJEWXDF2KKXYHCNHJZ,R0037,13.00,1989-07-28,OVFOOD-2026-09-0037
+254717848223,GBIRISEXBTQYD6M4GW52YHLT3CPGDBJ4KYJPFDXNIG7SCAOJ466R55NN,R0038,13.00,1977-10-04,OVFOOD-2026-09-0038
+254744198630,GA66HTE776ECOFJ7L2UCT3F7VEZRUDU2ASYLOCXCMEIMA6AJNAZM7MLJ,R0039,13.00,1992-08-15,OVFOOD-2026-09-0039
0762 845 763,GBCKBY2MB6OFPOCY36ZURO637KRNM2UPRWUBCK4MSVP2QYXK3G5I7YJ3,R0040,6.00,1958-01-14,OVFOOD-2026-09-0040
0750594988,GBOXAIEYO3ZCUMAVAYMLFCQ2RYHOER33K6YMZ7HGAQU4Q7RQMTIVFLXE,R0041,6.00,,OVFOOD-2026-09-0041
+254747107492,GAL7TSOUTMFZQU7MZPSCXWZFSJCI3GS35KZZRLUKZ5NC3YR5ZLNBG54E,R0042,9.00,1971-01-06,OVFOOD-2026-09-0042
254716410648,GCSJLBYGA7EHITHCJ3FRYMYFUN2XMZUHUGCJGAHUB2PAVNNHRQSXWEZ6,R0043,13.00,1979-09-26,OVFOOD-2026-09-0043
0779 426 267,GCI2W52TRCON7MHHTFUGM3NQSV5O5BEWRH2UORD7YJNPJDPNBET5SSRQ,R0044,9.00,1989-12-28,OVFOOD-2026-09-0044
0724378322,GDONM3RTS3VEP2Q4NAUHD6E2JC5OVRMRLKN74U22MQB54MJA2IKLDAHX,R0045,13.00,2002-05-20,OVFOOD-2026-09-0045
+254705243097,GDDU2R2UIMOI4SJKR3BFT53AJF5LFAE6CBENUOTBN2DGURIK3GCTAYJ5,R0046,12.00,2004-05-28,OVFOOD-2026-09-0046
254709035635,GCUO6354SMKN7YYFM37FKP2M74MYGBG33J3SGBEED44ZRSRZXUPZWC7C,R0047,6.00,1999-02-06,OVFOOD-2026-09-0047
0715606250,GB3DVQQKKCMV5MY7IIESVIO2PTLLCNRHILEPYIVQAAP34QW4UZZEIHLA,R0048,13.00,1983-12-06,OVFOOD-2026-09-0048
0720037608,GBGN7NFEXL7DAH3XJ6Q4ABJDDLMBCRYKSUEVKHQBEAB5HIWVYX3HXJH2,R0049,40.00,1959-02-10,OVAGRI-2026-09-0049
254726917025,GBOK3Q5VRKND2LHDH7B2VMVZMNQYNSJOZ5A3SLEIIYOPMULLS6N5APBQ,R0050,12.00,1960-03-06,OVFOOD-2026-09-0050
+254794496368,GD64YRLXFMBM2NJCNWPWSSZHUOEWNQFPPNAK4BZEIWD244XRTV7S47QS,R0051,40.00,1992-01-27,OVAGRI-2026-09-0051
+254799475640,GBXB5NVJYC5FVXGAO7DHOR6DLEXLFX3VR7ZOKQQ7P6OG2UWKXLVD6BB4,R0052,9.00,1990-05-26,OVFOOD-2026-09-0052
0739013432,GCSGK3ZPID7UJ7CYDCZLI3DYN6IRCNJ7HS3L77GLA62UDGVLH7ZT2QBY,R0053,12.00,1984-01-24,OVFOOD-2026-09-0053
254786146356,GAL7XUL5HDQ2VXJQFTVSV2T4OK2BXLRQKT2FRD37CKVDZHOP2WLA37BR,R0054,13.00,1991-04-01,OVFOOD-2026-09-0054
254785932788,GAXYGZFXL37IS5ISOJKXGKKU5RDKRY62V7AA44I55DTMEVTO27DLHFA4,R0055,3.00,1980-09-17,OVFOOD-2026-09-0055
0787566961,GCUQPW7FRXGGLKLYIH3DW43WKQWODWJ237Y63KK3ACMQESCMPEDVOZ6B,R0056,13.00,1959-06-18,OVFOOD-2026-09-0056
254762401868,GA4VAXCHTG6WBPXCN3OELIHXOMYRYLTQSI4YY5JRM2XLWZDNXY3AJPJW,R0057,40.00,1998-05-26,OVAGRI-2026-09-0057
0781 092 135,GCNF5C742BERAP33LVEDDCYN23RQNK2FONHYTXJ6E52HCOUUR6S7QL32,R0058,9.00,2001-08-20,OVFOOD-2026-09-0058
254784585445,GANNVGOJUTQOKPQLFVJXKOQCTCRHK4BH6NEVBOAJJ4MKVACSAMR7OWXS,R0059,9.00,2005-05-03,OVFOOD-2026-09-0059
0798 860 565,GCCVR2PSPBHTMVIDYAB6HDBQPAPI5IUHY46OEFJECVMSJMBKKOFQCSKG,R0060,9.00,1975-08-26,OVFOOD-2026-09-0060
0771039279,GDSBBOX4XD7EHJOP7FRQQR47QKVFHSYNLJYKNSJYD4A7XSGACYHVBCXK,R0061,40.00,1961-05-06,OVAGRI-2026-09-0061
0746923656,GBKVNIXKOECS6I6UATBNQVRM5ILL2U7LWYLNCI2GV3NNBOQRX3BH7Y4Z,R0062,13.00,1992-08-04,OVFOOD-2026-09-0062
0749651872,GALE2GZLPMQ7PABC44V6BMCIA7JYJ45J7UBHGPNTUETGXLXOC32UTLO2,R0063,12.00,1978-04-07,OVFOOD-2026-09-0063
0747 745 584,GBQLHQY6FMMCI4PXUUOQJJX6TXMYKEBF2MVJSWBKMEZUGLFASPPY64G2,R0064,40.00,1959-10-21,OVAGRI-2026-09-0064
0756 397 491,GCOIOJFB4JJD3ZFIQ3N5K6XAPASMP7G5F4ESOG6BMMT6OONRQGMO4TC6,R0065,40.00,1980-07-24,OVAGRI-2026-09-0065
0770203586,GAJJVOA64OMGEYOBTJFQQ6D6OKCY7RNSL6N762DVVAVBLBNS6TNWHRTF,R0066,12.00,1992-03-19,OVFOOD-2026-09-0066
254703659492,GAWCMMR7W7PLMWRWXPDXZ2LFMVSG7WWU33VTHFFF6RJL4BXMLIXXU6ST,R0067,40.00,1979-03-15,OVAGRI-2026-09-0067
0700 841 342,GACGAEWITUPWFZ5OMIYK2SM3ETX4MBHI44ERPA7MA6O6RKOZIVXJKPBA,R0068,13.00,2003-10-10,OVFOOD-2026-09-0068
0764653638,GAM5XJZELIIQ2RCSHPU7NL3FNOJOUQJUYVHVBDFIMHCLFMDLQVZAW2JR,R0069,13.00,1985-11-20,OVFOOD-2026-09-0069
0725178623,GCA73OFQYVZ7MAM5SER4XNS2G3MZCNMTVDSFN3F726FEOFA2CO75YZ56,R0070,6.00,1991-04-06,OVFOOD-2026-09-0070
0774 446 306,GCKRCGGJIUQ4PDYAV2VZRBN3Y7OKBXOSECP6HZ6CNCMRTAIYVTBGLDKY,R0071,12.00,2004-06-26,OVFOOD-2026-09-0071
+254769811035,GBVUPXAQQ6EMWGEK6BS77ICROTWHRSWZAN3OBVTH562W6J2B2DJ4UP6X,R0072,9.00,1959-06-02,OVFOOD-2026-09-0072
0757 131 373,GC43OO72436ZYPI5RSALDJM63WORR74PCG6D75CVUNMQ73SJ4Q4OVHT6,R0073,9.00,17/09/1959,OVFOOD-2026-09-0073
0728879334,GCP4BPKYHWCW3F233DT55CECVTOUT7SGP3WI5UYBVMPLH32XPJ63HEKP,R0074,9.00,2006-12-03,OVFOOD-2026-09-0074
0743749767,GCNCDDBJOJZK7ILCYNRUOW2FNLFRJA5UHWMICUKLPLAY3ODGJ5IYDFGM,R0075,3.00,2004-01-02,OVFOOD-2026-09-0075
0718 882 091,GCNE2LMH2BCWDB42AWX26FQUJMHXA7JS6YRNDJ7LJVAAT6UTWMFCTW77,R0076,9.00,2005-09-11,OVFOOD-2026-09-0076
254784513472,GAP43FEUQ5JPBAI2NPRKAY7ABAY3ZUILBKFANKWTR56HXHD6CO6YCSED,R0077,9.00,,OVFOOD-2026-09-0077
254786452523,GAJ3MQE7V2WYYQPYXEPMKKUUKDFVIH3BHIPHD3L7THMYYRA267WQBQYT,R0078,12.00,1970-02-25,OVFOOD-2026-09-0078
0740 986 039,GBEE5PYDNGU2ZBQHXKHSCUC25LWH4O6KX3RNO43CA4CONPN2E76IHIAN,R0079,13.00,1974-10-03,OVFOOD-2026-09-0079
+254771783794,GAGHCXNDO32BLFMLG5W5GE27FJGD4CI2EOSG3JUOSKKK24CJBYNO5OLH,R0080,40.00,1962-05-17,OVAGRI-2026-09-0080
254746523761,GDIGWL3IK65U5UBG34WPPRWP53THIOA6GOZBJOX7HQUEGQPYRL6LFCXY,R0081,12.00,1969-11-09,OVFOOD-2026-09-0081
0786705833,GAK4OJKCQSETF5IHSUP7GWXT5OYFQLE7XS6BKKZSDQAV7GY6QIIJFMCI,R0082,9.00,2005-07-16,OVFOOD-2026-09-0082
0784 798 287,GB3ZLUDVJAWIYAZEFLMHLQNO5UWKFONZRQLAPOKKREPPIW4XOA3SWFYH,R0083,40.00,1993-11-17,OVAGRI-2026-09-0083
0780223085,GBTMDRTUDBNATQ5ZQXDVTCHGKZ67AS5DHEI4UANZTGJ2VCABKTYQRTHS,R0084,13.00,1985-06-01,OVFOOD-2026-09-0084
0709691413,GDQSAOQXRE7XODH3HOTKRAMGN3STEHTU6JKVJWULRMOWRULFSFNU65H7,R0085,13.00,1986-02-15,OVFOOD-2026-09-0085
+254785967896,GBF2XT22YRL52I6ECGWGZHENCVXLLQG4D5QMVB4OT2YARVRZYEAYZUDF,R0086,13.00,1980-02-03,OVFOOD-2026-09-0086
+254740714893,GBQD3PCHFDHVT262HF4BUJYAF7VKVDHO2VWJORP4V62QPTAG2PKEZCAK,R0087,13.00,,OVFOOD-2026-09-0087
0742 873 052,GB3J6XBJ7KAQTZSTPNRIAGIO5AS6RTWG6M2Z3H3HVTWWBKUW5HR3MDR3,R0088,13.00,1993-08-11,OVFOOD-2026-09-0088
0797143811,GDJ7QBDO7Z3IVEOYLAMECB67G3WXW3ANM4EIOCE55LUMVHEGY2SGBGBQ,R0089,9.00,17/08/1971,OVFOOD-2026-09-0089
+254781752616,GANNVQO6M5RXWZJCYDT5M5HAPMYY6HIRENRE2HNUNQCQULHLRGXMBEPB,R0090,13.00,1982-10-21,OVFOOD-2026-09-0090
+254778322172,GBWADGXLF5M4JHLGZQJQCX5YLWBF7EBYAKY6NWTSH2NPLHXFHVJQUKDN,R0091,13.00,1998-12-21,OVFOOD-2026-09-0091
+254770258373,GAFT5TX555VX7RTBSHX6EBE4CBKJ6NKM3JIJB4ZU6N2L6PCV5P7S6JCW,R0092,40.00,1973-06-01,OVAGRI-2026-09-0092
0787329875,GBIWZLZAHET755Y6NDR6QEYQZWZDLEGCOUQXHBUEIIDQFP52L5U2LDWO,R0093,12.00,1963-04-02,OVFOOD-2026-09-0093
0751 743 454,GCEJ6JUK34HKYSVQEZEHGOVQ46MFDHT27HS7X7ZACCIV5O3CVT6MHONZ,R0094,40.00,1961-05-21,OVAGRI-2026-09-0094
254758518767,GCNR7FHZPREHBK6IC4GJAW54K2BT5C2EGLRCSTZ6FGQ2OURLFWMM3RG6,R0095,6.00,1981-11-14,OVFOOD-2026-09-0095
254712125207,GBL2JUQPAZLIOEQ46VQ2QNDWSX7MMVGKBSH3LHGPA4IJIXM5RLTLWJBO,R0096,6.00,1985-02-17,OVFOOD-2026-09-0096
0796 222 937,GCSNZ7RFI3XHF7HATQYRJ2NHTXDFV5FMWHYEVDNJQKV5C2AXSHAFNWKH,R0097,13.00,1977-09-01,OVFOOD-2026-09-0097
0740 927 105,GDPGKP6SEZLXSL6NSVJ7FHWIU7HAVIOIUKZCTR2YP46U4N7PSTON46IC,R0098,40.00,1994-11-18,OVAGRI-2026-09-0098
+254749888651,GBJUFPUUXUQCRTOZZUAY6UFTMI5Z3O6X35UGCXIQPX3VTZRTCXQM2H7I,R0099,3.00,1982-08-12,OVFOOD-2026-09-0099
0713379342,GB4NI6EU4NG2J3TPBGZWNKSARZ3YQ3Z2457KMR46JRHE4TERIMF3YQQM,R0100,12.00,1961-03-22,OVFOOD-2026-09-0100
0777854988,GCZTD7U3RNLUVJ62N67GTUCXMKTGJVAFRNCF5IZHCDDWUNDEEAFAQG6V,R0101,12.00,1974-01-20,OVFOOD-2026-09-0101
+254752714761,GCUQ25TOSW5JOSMUOLSQVIIAKR3WSKV5LG5JPACBLYW2QQKRTI7VKQCH,R0102,6.00,,OVFOOD-2026-09-0102
+254713293246,GB4ZWMWHWQTLLQNIG3VOYFRWET2SMQAJ4ZVWNDB7W3OSK3WDPK6IBKP7,R0103,9.00,1972-05-28,OVFOOD-2026-09-0103
0781290473,GDV7S762TXWCUW6NL35P7Q34BTA3FUAJ5FU6V7ZGR6MJM3QY3EBZIEMJ,R0104,13.00,1971-02-16,OVFOOD-2026-09-0104
0795477943,GCBRDSYT6V725KPMNLEPXI6WB3H6ZGPISYIYI5LYVOLPMDVNL2H4S3TR,R0105,13.00,1968-04-24,OVFOOD-2026-09-0105
0798 198 501,GBD6J56VTI4PL6EHR3JOVBG7MVXSLURTOBXTR2WLTA2JI5GLK2SLQV7P,R0106,13.00,2001-09-06,OVFOOD-2026-09-0106
0749287552,GAU55WGRX7CXSQNYIC45NEN6OWIVXJ5NREI2XBUUPPWQDSR6MNINCZCD,R0107,6.00,11/11/2000,OVFOOD-2026-09-0107
0721430108,GDASPRZGOUNHHKC77YK6CTCJV23NTQYQSC2EDAAFNVTVBQ2GTL6GPVTT,R0108,13.00,2002-05-20,OVFOOD-2026-09-0108
254702718862,GDNIQ5GEDB55GTI6VOTQPMYFGEYUM3YRMPMZ5K5VL6AGY3I7B3CHC4NL,R0109,13.00,1978-02-11,OVFOOD-2026-09-0109
0726686604,GAUUZ4L6A3B7UGO32EODPQDSJD2YHS5T4KIE2KJ7QKR2KODK2KTY3YWX,R0110,6.00,2003-12-11,OVFOOD-2026-09-0110
254782098563,GAEKT3QOCFBA5KNUEU2NMALPRWTSOV72FPLP7ZIB65APY6IVAISU5XR4,R0111,9.00,1959-01-01,OVFOOD-2026-09-0111
0753965996,GBPDPKXLJN3A745MLKBMKYDLC3RQKEDUWZGIEN73CNIRLG5Y47EIJHD6,R0112,3.00,1965-02-27,OVFOOD-2026-09-0112
0794236180,GD7CO7LAPUB774CMGNT5PCHNXXYHLFRLHOLNBJJKX4SZGJWKKGVBFMR6,R0113,9.00,1999-02-19,OVFOOD-2026-09-0113
254797610762,GBJOG7PF2V5QN5H4BAAFS5PTNKOORTVJ4KKNUA2QO2JZUWH6HQNUFUYA,R0114,40.00,1981-12-26,OVAGRI-2026-09-0114
0760240930,GBPZWCGTMPLMXBOX7GOMB6FYFUUYEVXELZCCOGXFAKSCDDKH747BXNRK,R0115,13.00,1959-12-15,OVFOOD-2026-09-0115
0718 677 279,GBF75LFBRGILTUSHU3BVBWTMZS5BIBO65XQF5ZF6PNJE6ZHZVCK37DXX,R0116,40.00,1965-06-28,OVAGRI-2026-09-0116
0738240004,GCFGGYWILWLSRNLH5ZEMOV6KA65HK2Z5D62PKQ5FXWIDFSYOERWKVWEG,R0117,12.00,1997-12-02,OVFOOD-2026-09-0117
254716408538,GBFLJRPWJ3H3Z6CIGEBPKMY275MFHTGCPC7OYOWLGISJGOW44LPPPBHX,R0118,13.00,1960-07-26,OVFOOD-2026-09-0118
0764727705,GAIJCPNBOHLHAND527MUVJF3AKSODCZ5JLJCGPHQT5DH5YTYCT7U3XAT,R0119,13.00,14/12/1960,OVFOOD-2026-09-0119
254792312950,GD6C4Q5HF6B2BJW2MQ23OBIFMJYPYR74XWG66KFJN7SJTKUJBI2P55S4,R0120,6.00,1993-01-04,OVFOOD-2026-09-0120
254752757288,GD6HUWGXLA7KJA6IM3JDDOXUF3GCDMFIZ2L5GT53IFBMK2JNE2FA3M2N,R0121,12.00,2005-12-19,OVFOOD-2026-09-0121
254726714344,GASKEKHVPPAV5SDIEIUL2YJFGC3VRQOLSOTZFM7GGTGFTZ77NAXBB5KK,R0122,13.00,1959-06-15,OVFOOD-2026-09-0122
0753390368,GCAPG2J2BT3G6NH3R4NS4FGKYRF6BSKOFQH6XSA2M5OQ2ZXGWIQLJTA3,R0123,13.00,2004-10-12,OVFOOD-2026-09-0123
+254708496635,GDJNGXXJW2K24LZE756S7RPIMJMRBXZ5YOCERW2EJYPST6EKOSIZTUWD,R0124,12.00,1977-01-05,OVFOOD-2026-09-0124
254768949019,GDOR6OYAEBGG3747YBYGMC4PGJ6QZ2QAO4S4JDEBLP23BTHNC4ZURWAO,R0125,3.00,08/09/2002,OVFOOD-2026-09-0125
+254792792123,GDP7YNRY5QAXZUSMC2EYOCUDRVKGACSI2D4F5OCIE3S763RTQWW57WDL,R0126,6.00,1961-05-17,OVFOOD-2026-09-0126
0741840985,GC54DOL3IQQ3Z7F5AWGYGYQ22UTVSH72RPWLXLZIYJUVEGWJ3IVJO4WC,R0127,13.00,1966-09-27,OVFOOD-2026-09-0127
+254736357836,GDA7NM6C7GPPS7KABTYLBOR3FBXJ66NEZSOCNYZ6KVY4LRK5XU26CXO3,R0128,40.00,1957-02-09,OVAGRI-2026-09-0128
0746185069,GDMEL73D5X5O3PMHTFBRMT7W63AVGUZ465SAHRAVL2KDT4ISRX3P3QGQ,R0129,6.00,2006-04-01,OVFOOD-2026-09-0129
0736623425,GC56BWBULB4FDEQOHAXHF2XVRCKIWF4EKBSQ4AE5PEOF33VCANZAWNXL,R0130,13.00,1972-05-21,OVFOOD-2026-09-0130
+254701016406,GAEIYXWFEHMGNVGI76NDL6X65HWINPTP35BOTMO2DIISOUVIM3KAVNQZ,R0131,13.00,1995-04-08,OVFOOD-2026-09-0131
0724440333,GA4ZFFIUEG2AS45RZMHY7KM3CRDJ2VCXEDQ7FXTG2UT2XNTHGHUSR2OM,R0132,13.00,1987-01-20,OVFOOD-2026-09-0132
0744438645,GC2GRNIXSVS4OOIXJCNA6SEZ42MJBI72ETW5WQ2PVC537PUJVNIEFUGM,R0133,12.00,1966-02-21,OVFOOD-2026-09-0133
+254757629027,GDQDOGP2PGO3F3BCJEDY2OEIX2AYM5UEBK65RTGNIK2CBOTPWEAS2JWU,R0134,9.00,1976-11-23,OVFOOD-2026-09-0134
0763 494 337,GAST673ZREUT454ZVHYNURZLOSMDGQPBN5P2O34R3V26S7GRJBTDK66B,R0135,13.00,1985-04-25,OVFOOD-2026-09-0135
254770536387,GAP3BQMQ6QNYG76NT5TVIB7T6QQHMSWPCT7OIWA4DTXVGIQL64KEX4A7,R0136,6.00,06/07/1979,OVFOOD-2026-09-0136
0795 405 174,GACQWYBO5MFXEUICCVTX7CQZEQRVN3U6H27IBBWJHBHPITXQOPDPSZDR,R0137,9.00,2005-01-28,OVFOOD-2026-09-0137
+254799244448,GD6Q2TYVJ622OVUAA4IW2JNL63BMR55GYN6XPS5MSYZOFCQE3J7HVBJZ,R0138,40.00,1966-08-18,OVAGRI-2026-09-0138
0722 446 049,GCPT25FP7F7BPZKUPRRPQKSMFI335RZTE2BW2YNWZYRMMT7MNBEGLDYE,R0139,13.00,1988-04-08,OVFOOD-2026-09-0139
0749 781 533,GD23V3ADXGAV2QZRHOQNAAWHLUMTCFSSZNRFK6FD5YTYQEEQY46POFRF,R0140,40.00,1995-05-12,OVAGRI-2026-09-0140
0764100388,GCLZMJU2B5NZVV7X4EM43RXDCO7MAUM2CXZZUH7A4XLIY3YKMNPMPOYW,R0141,13.00,1962-12-15,OVFOOD-2026-09-0141
0768476576,GD2X3KAPWF3C7Q7U6UGHYWMAORTZ7IGCDG4VXXXXHGSUUZEM7NIL3GKT,R0142,40.00,16/11/1994,OVAGRI-2026-09-0142
0785235490,GB2MCV3AYZQKYGCFSKPM2R2LP4NZHHW5A2CNJBSO7ZBRNL2AGEDLK4AX,R0143,12.00,1978-12-26,OVFOOD-2026-09-0143
0745 581 304,GA72CKTRKGJBUELZGRAJ6TJ4K4OWJYBWAMEQNXLKYEV2W6KNEP67JKN4,R0144,13.00,2000-11-18,OVFOOD-2026-09-0144
0722 621 251,GDQPF3WP4KISYVMEVMWRYGRWDNNCKHWUP2BLWRN57EAGAT7TZN63MD6G,R0145,6.00,04/05/1996,OVFOOD-2026-09-0145
0762138151,GCCS2XAWFWNTOFBEVAO6OVWHNDXNOPXUM4FHKYZVCUH6MSPOVA2J2HXX,R0146,40.00,07/11/1978,OVAGRI-2026-09-0146
0719815588,GAVPM467OBRKY3SYJMO3WBXT2RQQJOH5Y3I52B2SU5B644F3HHZLMUIS,R0147,3.00,2000-03-01,OVFOOD-2026-09-0147
0734 379 482,GBY5QPVKL7INHLWSICF4KRUYBTSGCE2I6M277BPVSOOX7733LV23NRAD,R0148,40.00,1988-02-16,OVAGRI-2026-09-0148
+254754389832,GD2DNBCMOJQD7REVU2EFDVZZ5K63NL24WAEL2IGMUKIGU5BZ5VBMQT2E,R0149,40.00,1973-07-05,OVAGRI-2026-09-0149
+254701327725,GBCIBOE7WC3FGZKKGKKEC76YABKT3LUA2NUBFMUWHWP5NCQ6RVU3XHZY,R0150,3.00,1962-11-28,OVFOOD-2026-09-0150
+254723917096,GDULQSSJVPDVSKPZ4L5FK2P2LZLBNGRISF53JYG7QEHP2FYPON7WBBFX,R0151,6.00,03/12/1970,OVFOOD-2026-09-0151
0760387757,GDCRKSKJPSVPYP5UDI7I3S7BBCSUFVCF6F2XY33BAETSI2ZJRA2JRWSM,R0152,13.00,1974-11-06,OVFOOD-2026-09-0152
0745624314,GDU7RBTBB6UGSWSBA45A6JSGXYVZY5XML5MKSR2T4YRY42I5RKIULRD7,R0153,13.00,1993-01-18,OVFOOD-2026-09-0153
0712105339,GDVTVWZAWPZ5K25BILTNJXT5GNLNUPQSMT7UTGESVXNZJHT5MEWQGAXA,R0154,13.00,1973-11-14,OVFOOD-2026-09-0154
0767156347,GCIQRA7MDQHUKKXVLFETM22NS52VBEHDKFHQVUSCD6TZFTSJ3M7W5453,R0155,12.00,1981-04-01,OVFOOD-2026-09-0155
0701264873,GBHUYPMNGWYG4WOQBVA4SZGQISQUQ65CFLJAMIE32ZKCPUR4QY3J2KNE,R0156,13.00,1958-09-16,OVFOOD-2026-09-0156
0700672310,GDPUCGV2WJHH2BD2KB6WARNILGRG3JNAMDVTINDYPWKYRAUL3VBIJIGO,R0157,40.00,1994-07-02,OVAGRI-2026-09-0157
0750 973 005,GCOSKRO6FLOAG2DXXW6RIC4UN2Z242ZLEMECQJMONOPZZIVYOQXFBOY4,R0158,40.00,1975-07-01,OVAGRI-2026-09-0158
0714772761,GDMN36DLY36XACCDAJXAAJR3AXMBB426BERKGPOQEC3XOCW4ZJZZSSAH,R0159,13.00,1994-03-10,OVFOOD-2026-09-0159
+254776466668,GB5CUIJZV7QKVDW4WUPWD6INKVVGMXIPPZNE3GPSN6FECS2RGTQYPRAD,R0160,13.00,1980-05-25,OVFOOD-2026-09-0160
0779312694,GD6QLSLYQWKJY54BZKDUN7ZUUXDUVDJV5VAUF4XMZRH7VJYKZZLYGGAG,R0161,6.00,1982-07-17,OVFOOD-2026-09-0161
0779 146 692,GCQXG24I4QCTIWRVYXJPV35QZ7GN3ELVKF5HLDQEW57BJINJXVM67QZZ,R0162,40.00,1984-05-03,OVAGRI-2026-09-0162
0756856366,GD2JQFVOLSZF33XXAHJAL6NK4CFMFHJZUEDGK53MJUKY4OY2DG5UYCZQ,R0163,40.00,1993-03-04,OVAGRI-2026-09-0163
0739136588,GA6FLXM5VXRRXABWR6M44U5OCNTHQGWAGSXT7RUDG32E6CIYJZ2AMOZC,R0164,9.00,1999-09-14,OVFOOD-2026-09-0164
+254777998416,GD65HECQIKUMUYBF3AGQWPYYHCH7U7WESM652XUV2RZD6H3GDGHIBYQG,R0165,13.00,1966-08-02,OVFOOD-2026-09-0165
0786 945 785,GBPTUYSGD6IFZ34COITP7NK24S3JEWIXWD2YVSINJ4TF7HDWWPQG75PO,R0166,9.00,1971-08-28,OVFOOD-2026-09-0166
0759 356 734,GAYJVJQXNQNDXB2LAJJ2CEPCMRAH3P5PL5G2BHQPRXPC3ESSNBVJ6SZM,R0167,12.00,1963-05-21,OVFOOD-2026-09-0167
254750582053,GDRAIJMNKVAEYVNAZLJC2WV6KHPRPMHR5DJ2ZPH2XW4ISCWTVJ7EWH4M,R0168,9.00,1959-01-24,OVFOOD-2026-09-0168
254718153614,GBOHFB2SZ35IDRS742CMHLTIF2BDLTTVDMVNYLEV57E22L7NSP2VM7NT,R0169,40.00,1980-04-14,OVAGRI-2026-09-0169
+254710415256,GDZOFOKYNAWNCQYVXG4IZA4IDPV7LSXZM4LBCY2R4U2YWNWWJUK45UI7,R0170,13.00,1967-04-07,OVFOOD-2026-09-0170
0741 847 565,GCDTCMIEDRSA5XBGP5JHWY7GBTGXRTWTVHLN6XSGYLO7V2JLUNURGBC7,R0171,40.00,1988-02-04,OVAGRI-2026-09-0171
0772903866,GDZBD6KLXFTNDJ4AEGGLSBAAL67JCALQMAHRX6TDHR4NXATNQW3754ZD,R0172,13.00,2005-11-17,OVFOOD-2026-09-0172
0783506766,GCBD5CZTYKLIVRNBQACSRGHVQQWN2YQGLMSU34QSELYFB6WYYPTOPMOX,R0173,40.00,1982-07-05,OVAGRI-2026-09-0173
+254768077442,GB6HUT27SYUZZGFNLINZ3CUEYP4SR4NU45TFWOSZ3YHCTWJCP2Z4KHSH,R0174,12.00,1984-08-07,OVFOOD-2026-09-0174
254737501311,GBURKKRIOURLHLFP5AXRELY55EOAWSULY23SIR7PHZP4DWIBEP3563Q4,R0175,40.00,1977-03-26,OVAGRI-2026-09-0175
+254736645066,GBPWYCPVP5O3LA2IBTHCFD7JO3K5IE4VHZD4VYFE2BXJFF53RPNPVSAN,R0176,12.00,1972-12-20,OVFOOD-2026-09-0176
+254703785518,GD7QQTHRBQ6NFVHN3HBD67RAJEWEQFE3TGAUEGFGULX4JPV6CD5LZFAQ,R0177,13.00,1978-02-06,OVFOOD-2026-09-0177
254757914351,GDZGM676VTG5IMTR5GIHVDVDOXEHNABU2DSNUXJXI5BRI4VBLWCXFQFO,R0178,13.00,,OVFOOD-2026-09-0178
0778 837 112,GC32I3COA677J55C5EWDNJLF3VJPPBO3THNF5G2SW5UODG7LQA5VBEQ6,R0179,6.00,2005-03-01,OVFOOD-2026-09-0179
254772451125,GDXJFDD244TTDTXGPIBHRIKQBUFNCRAX6T23WPRJA6AVH2MDUXR3WKOA,R0180,3.00,1993-12-15,OVFOOD-2026-09-0180
0748 725 118,GDQGLHSXBFB7ILG4GJKNYUTAS7AFHEAG3FQHLLEP5RK26GVHODCUV4JS,R0181,9.00,1992-02-27,OVFOOD-2026-09-0181
254778150003,GCQ7HTPQPLYONVSZB5XGWHRHDCNVDT7RSAWL5WFJH3DNCJ7ZJGHCUEYE,R0182,3.00,1991-11-23,OVFOOD-2026-09-0182
0729697591,GC2FXB54KCV3CJKJCTXF3R7U7J3HA7JZVNJRDXFU6GO4OOBCKPDBN6IQ,R0183,40.00,1973-05-02,OVAGRI-2026-09-0183
0791628801,GAHJA3D2QDQTWVCVZ6PYP4EIV5ME33THE6QFOPSF57MXTBAQ63KGDNPL,R0184,13.00,1996-04-07,OVFOOD-2026-09-0184
0701233693,GACOXV6QS5R4AQPQ22XRAZMD7SECCIZIQKCQZNJDCX4FO5RO26YBQOYJ,R0185,9.00,1960-08-25,OVFOOD-2026-09-0185
+254795562699,GD6PCGS57K67RDTJAQFOCPQSVSYVTMERY4US2WJPUESYQGUB2EAPA7VK,R0186,9.00,1964-09-04,OVFOOD-2026-09-0186
0764504662,GA4V7SGN3EW4445VON62MKBJJXCS45AJEACRGRFRV6I2FNWZTFCRGZTA,R0187,9.00,2003-03-18,OVFOOD-2026-09-0187
0750906544,GAKTYXZJHBHFSOBBLMRPGG672KJOSQ4R2I466ASCSKBNRUMNWWHEYQOO,R0188,40.00,1963-07-05,OVAGRI-2026-09-0188
0773790873,GAPZJPVLHFODKKPHEAQSDIV7AE4KX34QMTZXLLVMGJAKT7HPBCT2WIO6,R0189,13.00,25/09/1965,OVFOOD-2026-09-0189
254786700681,GCDRQS5PQCRKO5PFMF3NR5GJAZLFCLDCLWHQY5YJWJ7XG2TOY7A2F2SH,R0190,6.00,1976-07-15,OVFOOD-2026-09-0190
254704440512,GCUWV7EWX5N2NXUWJXEAVHFIBVJPGDSJINOLEQVEERPYNPSZ6MR7OSEF,R0191,12.00,1978-05-25,OVFOOD-2026-09-0191
0743 475 747,GDS23372BWC2QK3QR6MVVYQ2JJWAULXQGLGBXIK6V2CTOJAALGDZOVZ7,R0192,40.00,1978-07-14,OVAGRI-2026-09-0192
0792 627 973,GBYJKST4EFRZNF4MXMYZW6TSSJDFXCMI6CZGMGNFKG56HDL4Y2YUSSQM,R0193,9.00,27/03/1991,OVFOOD-2026-09-0193
+254746671265,GBZXFOCOXL3ZUXWWAEUXDRNLMZPF6WNU5RG5BIOND7CHDU7E7ZLOAY4Z,R0194,13.00,1974-09-09,OVFOOD-2026-09-0194
0740570556,GCU45IF5EF6GSGSOOEFQCQID3UKBFLNP4GJN4WFSCA6TWKD2XVMR4PW4,R0195,12.00,1958-10-18,OVFOOD-2026-09-0195
254746037743,GBDJ5PCG4SPELFTFB6YNL3CHQZBF3AC2PW7YXTKVRP6X3HAOKFRLJNMP,R0196,12.00,1970-09-14,OVFOOD-2026-09-0196
0752611098,GCG6ILXFXKOKKTPNEQ2PZEVOC26UCB55ANS4PS4UDGUW5HBDYZL4PJIV,R0197,9.00,1997-07-01,OVFOOD-2026-09-0197
0703 935 450,GCQUFEHQZQAYABN67PTWP6PXBNJU52PA4H242CWAGZSCWUAUDJNTXYKE,R0198,13.00,23/05/2002,OVFOOD-2026-09-0198
0745758538,GB6GNTSY5USAZQ6GGWBH4KHSYJULVPZ3DHHCISFTT4PKIIWUSLBCMFCE,R0199,40.00,1990-09-14,OVAGRI-2026-09-0199
0757994794,GAMCPLO6442ILMKP7LRRCV2OPYTIKMZP662FDT3OPOAU2G46WSUNNG5R,R0200,6.00,1983-11-05,OVFOOD-2026-09-0200
+254757366642,GDXMHHW235MXN6VHLTCIZAP3ME2DYRESILBXJKPZ2KD4JKVZC6XQ2USY,R0201,13.00,1970-01-22,OVFOOD-2026-09-0201
0763 841 137,GDQ3BQVMWO73RPMQGAMA2KWPIXYTUKOSZTOY4LRFMQIU22BHQ2NI5OIS,R0202,13.00,1979-07-12,OVFOOD-2026-09-0202
0765662173,GDXIV4JQXXWRQ7SCZCOO6YERES7LZOJAGZKLBB6DB3HU2JGAKCA642HV,R0203,12.00,1959-10-19,OVFOOD-2026-09-0203
0729903567,GDFAXLRJ6MR6FLDEABLE2UQYB7OJBBTUFKTRRKO2ULS5CGURIO6BNSB3,R0204,40.00,1971-11-24,OVAGRI-2026-09-0204
0795114129,GBDOTPCIQQ6UWAIOW7BUZJWEUXOZYHW335QER2CENRBQFKCV4KVQ4ID2,R0205,13.00,09/04/1993,OVFOOD-2026-09-0205
0739036204,GCSK22DFMTQJ3CQXR4CTLV2D2FSYJ4YTAQ4FCYB6LETIXJHR7WAPPRU7,R0206,13.00,2002-04-12,OVFOOD-2026-09-0206
+254757994794,GCKB3RUDHOXSTZ3TY4NFSLY7CFJND6O3KRXD5VLSIOKSUU6ECY6TEJL7,R0207,6.00,1983-11-05,OVFOOD-2026-09-0207
0753464191,GBI4YTD76D7LQEQOWX2R2S767SPUK4BB7TY4AYGMY6GQCWNENSVLONXS,R0208,13.00,2002-08-26,OVFOOD-2026-09-0208
0734820062,GCE7UZ7VVIF7OVVJSPHU6EKLSQLCGIKNKMIQL6WA3FQ2EQHGNJER4NOG,R0209,13.00,1985-06-18,OVFOOD-2026-09-0209
0737 585 586,GA2JJYHU57B7LIJE6O5NU4HS7NS5RL2C44NIHU7NNM34W377IXC2XZ54,R0210,12.00,1968-05-02,OVFOOD-2026-09-0210
254764425968,GBK6QA25AODYMYQXSN47RJHQZYZABLLGZJO534TAK74JU5CVLDWKYFMV,R0211,6.00,2005-01-26,OVFOOD-2026-09-0211
0763881582,GDGRV2N7NATMQ7JEET3JLMNFHHTA4U3FG6TMG7P2N7GF6INWCUPLMUG4,R0212,40.00,1956-05-21,OVAGRI-2026-09-0212
0751155818,GCT5GDDAZVIBSSGZYIHFYYJSR5FJX3CALDDWR5LMXSNNLXP55NYAXZWN,R0213,40.00,1967-03-06,OVAGRI-2026-09-0213
0798985219,GACDUGHDMNKQIWQV267O5HUO4WR2WMJIXUKXOWMPMZO3GDOOIPBS5B4K,R0214,40.00,1966-12-13,OVAGRI-2026-09-0214
0771152947,GBCQJ77HVG2IFJTOKRSHFCNSZW6HPSI6LWXOLZNCMA7WQ47IUT2VPVHU,R0215,9.00,1960-06-08,OVFOOD-2026-09-0215
0772186053,GAIAMVLFNXTDGPDB7RSR5DEMD2DRN6GHLX22L7ZNA4CYPWDEULNVHWVY,R0216,9.00,24/01/1959,OVFOOD-2026-09-0216
0700 119 547,GBEIIU5GFLLBFALTQTRG57CMBHB422AEWNZLR2DPYJKGF57MTTYXTMRB,R0217,13.00,1986-08-25,OVFOOD-2026-09-0217
0749888651,GAOQM2E3QNEFITKMV5EH6L3J3CFBUBK7Y4KFFRQVR4QFYD2LWOCOUSHE,R0218,3.00,1982-08-12,OVFOOD-2026-09-0218
0703935450,GC7TU5GGZ2WUTBD3W7ME5XCO6Q4KMWEKXYHXT44QXRUJKWWM6SW3JNDM,R0219,13.00,23/05/2002,OVFOOD-2026-09-0219
0712 902 492,GDKSSFUFKVOSC5CJQGBP3Z2KZ5WBBLOMWKGRVJJ5I23EVS2NYMGPMMGM,R0220,9.00,28/07/1994,OVFOOD-2026-09-0220
254737931796,GDUUFFYBVY2VLR24DB6LPY4BHEDNVQQM4S77H3BTDKM4PIZNJUPDGYYE,R0221,6.00,1989-05-13,OVFOOD-2026-09-0221
254719654067,GCYMNEDLT4HAWFOH5H3JHV3KERS4FQOFEZJ5TFR7ZNLXJGLFMDGJDWLT,R0222,9.00,01/03/2005,OVFOOD-2026-09-0222
254775026493,GBNNIAS45LQ2SP37AXUB5CT6CXV5W5M4YHS7X7YTOM3BNLYBCDUMILNL,R0223,40.00,1972-05-09,OVAGRI-2026-09-0223
0709905048,GBW24E22QEFDKAMEXDKOLGRMZRCO6GARP65V7EUFW5MPWWZ6ADS77Z3C,R0224,13.00,1967-10-07,OVFOOD-2026-09-0224
+254732794329,GA4I77SFRB5U4ZYM4NGNAG25LXE2ZXLCVOYFQAUBMSS6MHBDGYWBHFKY,R0225,3.00,1958-02-11,OVFOOD-2026-09-0225
0728455093,GDUVZABIYMHSSOC5E7J5TPECZ3QSU4RMDLVGTJEI6IPHF75DFFLGYKYM,R0226,13.00,2002-01-10,OVFOOD-2026-09-0226
+254717450089,GB2HR5SHRF7YOGWGKKX2NJWXGIK2VG4ULCICFSZRAVRNZM4R6FZMIPBF,R0227,13.00,1973-04-05,OVFOOD-2026-09-0227
0771 954 642,GDNTGFW25M35AK2IGZAR3GUP3SPCLPPOGY4SSOBRIBLQXSFZZUD5YMSO,R0228,40.00,23/01/1991,OVAGRI-2026-09-0228
254784503933,GDU4SF7EUDOQY5D5I44MGQGUUGPWFANKUTKUEI2LSPZTXJWHIC25246C,R0229,13.00,1978-11-18,OVFOOD-2026-09-0229
0740491929,GBJ3MSOSW5VGUZP5HY2QUEWDQ5WON6TX2VSCUGL2JCYLOORZRAISNEVI,R0230,3.00,1994-10-15,OVFOOD-2026-09-0230
+254729117512,GBYIYUCXR45L7ZJPUZOJDKG4BGI6NJQKTJSJ442AL4BOE6S76AGLJ3ZR,R0231,40.00,1971-12-25,OVAGRI-2026-09-0231
254744452826,GB62MBP52MJBDGBYYLDIA4ZTMIDUPALNNN3JCQJMLKZDATMU7MG6ZAO3,R0232,13.00,1958-04-16,OVFOOD-2026-09-0232
+254754716248,GAEPTTE76R2UOBXGS7LES2T6PWLREZRISKT7KE5CSTMT7Z6IM3BUV3M7,R0233,40.00,1981-01-08,OVAGRI-2026-09-0233
254771564304,GDWGM7F3BSC5OQAWCKSYQL4XWEL3VCIMQQTSD2WB4W6TXYVPOT7CVSNV,R0234,9.00,1960-02-26,OVFOOD-2026-09-0234
+254733846728,GA7GIOSL63ZHYAVINNAXC2X4NLXAYNA7RRU4T37ENQKWCCLVHOSUQ3I6,R0235,6.00,1997-08-01,OVFOOD-2026-09-0235
0757 480 256,GAMZZL26JOOIT5TOW6GDPNI4GTVTHQFKAB6TNPFIP4FX42AUWF6U7FX5,R0236,40.00,1980-01-21,OVAGRI-2026-09-0236
0753958925,GCRUHZVHD7TAADZY6TCD3SI3MH6P2ICVX4AJAA3O7SAFJZKUXG2FOEUC,R0237,6.00,1990-09-04,OVFOOD-2026-09-0237
254778974304,GCWDSWWMSDOTPYRLOOD575U2HBQOKKKWTBDXJ2R3E5ADNVIR6KD5HQ2S,R0238,12.00,24/04/1981,OVFOOD-2026-09-0238
0784042332,GD64VFWMRBAMIQP5ZKDNBTSLI6GACRCTEL54RL3UEOAQYR4W3ILVOESO,R0239,13.00,01/02/1994,OVFOOD-2026-09-0239
+254779902933,GA6CVK6RIY4UIZCQ7GB65RFSF2GQ237LUPZXNJHA4NUEGRNKTDJLKB5W,R0240,40.00,1996-07-06,OVAGRI-2026-09-0240
254751448624,GBMYUMISKFABPE3P6SUCW4KGDG4ODJ5732EEXWSTTWRQ3SXAVZT7AVYE,R0241,13.00,1973-01-16,OVFOOD-2026-09-0241
0778850955,GBOMFYNT65FKZ3ICNRHNU7FHXAU43VVEMVF2DMLRU5RMWTFV4LEXO6NZ,R0242,6.00,,OVFOOD-2026-09-0242
+254761680486,GDLJFJSTRDYYEGYJVCWIBY5UJXF4B75K26LXKFGL5HAIHZYD6IIC6V4T,R0243,9.00,,OVFOOD-2026-09-0243
+254767749513,GD6YCP3WQQDWFMHM2OZRGT7UBXTTA2ELZ4DMKEHW7EWGQV626NBBCSTI,R0244,9.00,1985-11-02,OVFOOD-2026-09-0244
0727 889 948,GBUWN4MDTKH7WKQV4FSFPCHWZCU7UEWXUNJTNO55UAV2Z2DNJ4C5AGS3,R0245,13.00,1958-06-23,OVFOOD-2026-09-0245
254701805922,GBIV3KTG5ZF5GCZTFLYUHWDTF7ICKTRT7DVPRPLMG3VSXNNOTZT24KID,R0246,13.00,1959-10-15,OVFOOD-2026-09-0246
+254754947637,GAMPIL27NYK5WNA4DHAR4HJAOYUVQDF76QPHRJMU4OJXF5LULYCHWXZW,R0247,13.00,1975-04-26,OVFOOD-2026-09-0247
0701 296 581,GCB4AOV5LLBKRHPAN4IGHLHYU3IZ6L3NIA7KCIT3DGXPPZVIFSUIFDG5,R0248,9.00,1964-02-19,OVFOOD-2026-09-0248
0744751457,GDRNFYHL32DOITDJJI4TKIBKWSKWZJFOQ4YX6ZMGQLRXXJRLDNKUINJI,R0249,9.00,1970-08-16,OVFOOD-2026-09-0249
254710879645,GAWAGNKJF644HIUVNOPFMP5ORGKCW7MVGCIBLDRCCU7TYS3U6YL2A5XD,R0250,13.00,02/08/1965,OVFOOD-2026-09-0250
254721063598,GDR2ZMG6P47NJ4E64GZAALXU4TZWIXPEZOZWURBIP5ROPESUMMJUVDF4,R0251,6.00,1988-07-27,OVFOOD-2026-09-0251
0749 892 859,GBCLENIBGSVHQN65KL42VQYVTWPJG5QRRXEJ3VTEAFBYVGO2NQAOARXO,R0252,12.00,2005-06-17,OVFOOD-2026-09-0252
0791836017,GAAMSREPKAWYJ76GMHLKCIDORLH32HGOTKUYYOWBZT5JGLQGNLKDL44P,R0253,13.00,,OVFOOD-2026-09-0253
0764653638,GAUNQ5W5DX73YHKOD5IAQZ7MFWD2SLZNNDFFZ5PKD67S7GEUTNC5MSNX,R0254,13.00,1985-11-20,OVFOOD-2026-09-0254
254711984753,GDXCUBGEBU3GR6EPDMG32QVWJPZM3CAT6IG3H2BAPL2BHBGON6CICMHL,R0255,13.00,1970-10-24,OVFOOD-2026-09-0255
0762138151,GDZBALT3QJNI2D4HMVNVNUYWJBBEDQ2BS5DVUSMYTAB4HU32HSBCCZ5U,R0256,40.00,1978-07-11,OVAGRI-2026-09-0256
0745758538,GA4DWY5NNVJL5E2SXQTDKOOLHDBRCHCGQ5I7AOXNHRXQBCQJCM7LLYR5,R0257,40.00,1990-09-14,OVAGRI-2026-09-0257
0799 645 127,GAXOA5TU4CD35TKSKCX6BBUHFFB5DJCQIUGBUXRPSKLGI64K2PRZOY3X,R0258,40.00,14/07/1998,OVAGRI-2026-09-0258
0758448303,GBPZGBXLKC26EWI2NUQ7TUWYAYVHHP2VJUMWCCF4ZU2FZ6X4N6NJWYAW,R0259,40.00,1973-07-09,OVAGRI-2026-09-0259
0705442566,GBV6HUE5725NRYRMTQFYFRPQ66TIAGNSMR5LSTBL3B3VW4O3NXOOHT3T,R0260,6.00,1988-07-23,OVFOOD-2026-09-0260
254773540786,GBNXI6WDIYCQCCWE366QHJCDW6ZXIX7UHOCNBPCTDZMLJCGTMCD4KJ4Y,R0261,3.00,1987-03-28,OVFOOD-2026-09-0261
0713357075,GAV5RAWIMSFTZICF3CR2UJ24KSSPOZSIQ2SCOJ66NAFRK5SDHTTIP6R7,R0262,12.00,1979-03-27,OVFOOD-2026-09-0262
254727071576,GA4UFWHVJPFFJRDH32SXRBVNNAMFCLRSJFYUQ4UQLKZYTGR4ZDHL65DX,R0263,3.00,1972-11-24,OVFOOD-2026-09-0263
+254781744592,GBW4K3DFYHTCSY4GCBJMLAWEIMR6TEAOUEXXRXHAGGAH24PHJ3RGUCXE,R0264,3.00,1985-10-07,OVFOOD-2026-09-0264
0744369098,GCQ7SMTFEZBOOJG5NFTWVA5A2MBZJU5BHH6NLXRDIIRZJ2QOYYERVXRH,R0265,13.00,2000-10-18,OVFOOD-2026-09-0265
0777 250 767,GCTRLJPTFACALBLA455TSTRA4ACJV6UHM2KUJKCT5NPVSSIWZU7C326S,R0266,3.00,1983-03-02,OVFOOD-2026-09-0266
0773540786,GCICCG6QV3NSWA3YGBFKQJWDXFAL3E7C6RHEDYA4EPKZUBWLYFN2PXUC,R0267,3.00,,OVFOOD-2026-09-0267
0776200917,GCHRXF6GMCTZWRI5A2QQCO3Z462U7OOYNFWCWDCXROWL6DUJA7PSTUKU,R0268,6.00,1968-12-25,OVFOOD-2026-09-0268
254764000886,GDCWPJXEJBY5W52VXF644HAFEZTVPR7IJPT6VQG25WGQOTWXVWYMZY3S,R0269,40.00,1991-12-04,OVAGRI-2026-09-0269
0762 299 368,GBUPAIYEOF7JWJJM3NUMDYAYRMY72ULPSFXN7BPGX52CIQ2GPNU5HENF,R0270,13.00,1991-09-26,OVFOOD-2026-09-0270
0738925844,GBWC5N5ZLD2X6K44ZMZCEPKEKDZRNC7ENUTSRYTHCDUEYKEEKL3CF47W,R0271,6.00,2000-04-01,OVFOOD-2026-09-0271
0707 494 643,GDWQ3OYH34OZAVXPZYK3XFFHH6MP6HWLWTXGYNP4IJCA5JO7S3EHJ6P5,R0272,13.00,2002-08-02,OVFOOD-2026-09-0272
0753481990,GAWWDVWWIUHPJAXTZRRQ5PBDIYRU7EWALHSYAJ4KAM2YMGPJLC5NLTIH,R0273,9.00,2001-11-01,OVFOOD-2026-09-0273
+254704718487,GCZZY5BTEXMTMVT2OFAQKWZBNF5VS3KOXCBFGUMIJMHHFMBGIFXM7NHD,R0274,40.00,1997-04-26,OVAGRI-2026-09-0274
0744 117 898,GAIV3YACPZP45HGBK4VUIRBBBRIIGXRO6CDININWRUQGPVE4TAOXTB47,R0275,12.00,1968-06-11,OVFOOD-2026-09-0275
0757 446 750,GB26FV2634C63IE4IGAITR67E2OU4SGO3YQ7WAHM5P3JLDSDUD4SWFAL,R0276,13.00,1960-12-21,OVFOOD-2026-09-0276
0732666217,GCMCLKECF7PFCLYUTSQ2WGYSM5BHWE3BMT3JBN6TIW6XRB3XUSIYLKYF,R0277,9.00,1969-05-07,OVFOOD-2026-09-0277
254747366676,GBP7R4BXW6CIYCCJMHVDNN7JI3V5DYCA3T2WEODTMBEQ7N2ZMQCWXOIC,R0278,13.00,1966-01-07,OVFOOD-2026-09-0278
0794 794 254,GC6GFM6JE5T4GPRGYZHL5H72EAXOILZFAWJWJTVIXKOD6OAER2WTTXYW,R0279,12.00,17/08/1990,OVFOOD-2026-09-0279
+254722969381,GC4IS5JAII5C73E2YD7XT6Y7T4XSBI6GFN2JC2J6W4FM73HEDW46T6ZL,R0280,9.00,06/02/1996,OVFOOD-2026-09-0280
0737 528 928,GBNQUO2MX4S2UAIXUNT26UP5CZRKFTTFBYHHK54SSBIJIIWNOL44HUFM,R0281,40.00,1963-07-25,OVAGRI-2026-09-0281
+254760515562,GCBHPTFZORU46LX3XREFCMOAZXENJ3VJI4GNS3VW4WXESGEN6AO7XJZ6,R0282,40.00,1973-07-10,OVAGRI-2026-09-0282
0728200214,GDYXJBLAODK5ILETHXQLYNBS6YAU5MHDE6DAVYTAT46LNV3OXYMZ2AEW,R0283,12.00,1975-10-13,OVFOOD-2026-09-0283
0777216983,GAUNPDEECHGSGNTWM63N66IBT2FN3GTOUYL4EKXSF7TXU3PXF6YK3U4K,R0284,12.00,22/11/1979,OVFOOD-2026-09-0284
0780077121,GC5KSTI4OCV55XI2WB2UTK457DHE3GHXV2LXC4RHMUR6R22BNUB7WIW2,R0285,40.00,1978-07-19,OVAGRI-2026-09-0285
0767534563,GBDPOICVGKV7VRKFIMIOLFCXFDQL4HC2BAIXA7VMRCVWCGQMJFR6AN7P,R0286,13.00,07/02/2005,OVFOOD-2026-09-0286
0728884183,GANYJH3JI6EBUAAQ6WBEAOMMP7HOQS7NONWNAAM773SG6RG7Z5ZJNVIJ,R0287,40.00,02/05/1983,OVAGRI-2026-09-0287
0762804245,GAJXER4A67BEPMFNOWOQOH6WPAA2ZYDP7QDRM4FPLXWLDWOI6BPMZBD2,R0288,9.00,1988-08-23,OVFOOD-2026-09-0288
0771944613,GA6FBKJMFLD4EPPIDUAHLC57OX7HGCY7D5VGBQJ2E33HSWHPXRUP6VUQ,R0289,13.00,19/02/2004,OVFOOD-2026-09-0289
254791895761,GASW2VFNUKIH4XKH6WP3JCK7XVCXTD3OCVGQQGC53TIXLSX554YU7R3T,R0290,12.00,07/07/2000,OVFOOD-2026-09-0290
0726 875 743,GATLSBCV53LKWQMGZHUJ46BHG2JGT475EITCEXMOY7FRCQ22NMOHLJ2C,R0291,13.00,1978-10-16,OVFOOD-2026-09-0291
+254739248524,GCTWTLWOBVRZNCQIMQSGZP4NDHODXYISYWOJGCU6O3H5U5CLV6BM2JYO,R0292,12.00,1960-10-01,OVFOOD-2026-09-0292
+254711869197,GAU65NHU5ONAEHBXONQPRDKD5723AFERYOHJVJDHL6SC7VLJR52G7F5X,R0293,6.00,1997-04-19,OVFOOD-2026-09-0293
+254773263180,GCWMG4GPOESWRJSUC3I7F26B5YPT23KZEY6KJKVYYR4BQ5HENSIMU6SB,R0294,13.00,1964-11-18,OVFOOD-2026-09-0294
254722662997,GCUCDSYFUG76F4XADPY2DPYTVYCOXTNFGCHTCM6WJJLY7V4Y3BC42KYF,R0295,40.00,1992-06-16,OVAGRI-2026-09-0295
0754274450,GCXETHNJPWFOQELWJZUSMXNCPQ5XBYEZL4BVRKETQSXSOYDBT7K3T3G5,R0296,13.00,1973-08-21,OVFOOD-2026-09-0296
254728057472,GD5WWWOYAUPBXUNZVSYXBZ2TYK53UIJI62VMNM6JCCXQ66PFZUHYN2Q2,R0297,6.00,1990-11-09,OVFOOD-2026-09-0297
0764 323 417,GAKHRTLKYXS63Z2PYWUTSIQ2RENT5OC4S3PNUYMKCVJEC5AHJLRNJYKU,R0298,40.00,1978-08-04,OVAGRI-2026-09-0298
0738 718 718,GBKBCUUTARLPYDFP5DGKGO3CURIO6VKQOCM3IQD2KLIBN5KDBAD2BVMU,R0299,13.00,1987-10-16,OVFOOD-2026-09-0299
0750507453,GDURWEIGUZRMZOT6PDX3HR7HJKFBWOZXSPLTBGSUDBL6N6INYLAY4ADK,R0300,40.00,,OVAGRI-2026-09-0300
254771200635,GB5PRQDUEVDFID3KS3SNNX6PBXJJ23SP77T3PW7YRTNQWDRXHH2HPXH2,R0301,13.00,10/07/1960,OVFOOD-2026-09-0301
0716202090,GCYPV2Y5I74JRIC6AFJBJQJWOLKP4E544SBWWOXOKFPHQ272KRIOYMAT,R0302,9.00,2003-08-28,OVFOOD-2026-09-0302
0799026761,GDKW4HCNYUQQM7LPLHOECZ6RMAWBOEJS74MPDOFMY4TVTUGSMH3XQLOK,R0303,40.00,1975-10-10,OVAGRI-2026-09-0303
0749 892 859,GD5SJSE4JNHKTIBGN3BLDBM4WIIZERDE3YKWJRADWOZEA4UFKXTH3OEF,R0304,12.00,2005-06-17,OVFOOD-2026-09-0304
0793802100,GCATHMOJ4EQ527AWCEYCHL6JI7YDPZ2APPDRZ2GOG62FIZQBKP2FXLJ4,R0305,9.00,2002-01-05,OVFOOD-2026-09-0305
0737086028,GBB5Q7HSADXWC72HYZ3N3Y2C3XUEYDZZ6KE2FPBQ2YQ3HEXWBGLBODVT,R0306,6.00,2005-11-02,OVFOOD-2026-09-0306
+254762821452,GATHE64VUMVP6CXWOSHGADDO6YGPOWNMTACKSGE25SFHIHEZ7C3NRBAZ,R0307,9.00,1967-05-17,OVFOOD-2026-09-0307
0716528913,GAB5CLLWFNXOOLSVBMJG5KBO4VJTJSOONSI44SBOSYS6XL4K4J6UVEPI,R0308,6.00,1987-01-03,OVFOOD-2026-09-0308
0720921851,GASEK7FBCCHA6EDFVMGLDCCI7VSHMQ4FWRRLZAOBE4Y6CUSR6RRZSZV5,R0309,40.00,1974-11-04,OVAGRI-2026-09-0309
0798262596,GCLNBKBRYFAQLGWHJLIHKPZDU3WI72MV6ZBOOBEARGWURHSDN526VLBW,R0310,40.00,03/06/1992,OVAGRI-2026-09-0310
254746104773,GCKLZA7GKWEYHFBY2GQRO2O6RBKCH2J4CV76X4P4OTVVQALFWIESOMAQ,R0311,13.00,1973-01-20,OVFOOD-2026-09-0311
0762426147,GAEDMAO7T2GYBZ47D33B2IDO2YRQTLZIROAZS5USRKTRLYMF5P5PRPWJ,R0312,13.00,,OVFOOD-2026-09-0312
0722114752,GCOC4O7NTZY6IVW5XLCCCQ45YQ6IMHYW2QYE3HJ3NQZ2QPUJS362V4NW,R0313,13.00,2004-12-24,OVFOOD-2026-09-0313
254795237546,GBGFJ2ZCV3ZTU7UHCJRZE3X3M4KV3U5ZSLBHE72SUE7RTKM52PC37U6Z,R0314,12.00,1987-06-13,OVFOOD-2026-09-0314
0716355849,GDCCNIEUVHNQFXUBBDCCLDR7KV573OC4AAW65F5JWS73NLRYOCS4NUSL,R0315,13.00,1976-12-18,OVFOOD-2026-09-0315
254722597905,GDPUYYWHKHZ6S6KJ3BPIB6FCU7WACFXHVXAHD5IRNQ2LGBWMMENKHFGK,R0316,3.00,1976-06-24,OVFOOD-2026-09-0316
0759118418,GCDZFTD3EQMHJ67CZCSSJSHGEPLGQTJILPO27DM3NLMW5OA7N745VLWV,R0317,9.00,1958-07-21,OVFOOD-2026-09-0317
0730723509,GCEMJ254A7TTFXKBNJQZQYQTX2EVZNRTIAFER5UCQ7JHU547IC6YLZS5,R0318,13.00,08/03/1980,OVFOOD-2026-09-0318
254743556408,GCB6J3X2DDVC2JHHQDCU6ZUYELRD2UPYU42KZMGD2BJSVI4CXGMZJKON,R0319,6.00,1989-08-27,OVFOOD-2026-09-0319
254714507199,GCCOIKFR7TO5C3TSHWX5XKTCAQUWIHX4PYUL3GN3GWSAA34M7D5BPOGL,R0320,12.00,18/03/2003,OVFOOD-2026-09-0320
0755133924,GAEAPD2QAUXKIEI277GJH2AT43AM4YYYABPF5ASJANGHK2FCK54WWCSL,R0321,40.00,1976-06-08,OVAGRI-2026-09-0321
0785921536,GCLZ4PO52Z34JX27MFKJUKV5L7WO5PFC4L74GYGEKWKME7CP7R6NDRUQ,R0322,3.00,2005-03-26,OVFOOD-2026-09-0322
+254766037289,GDX7XEOX5CMCD2PVXMCF5SZONOSX2AT4BF4MPEJ6IN6547BELXAIPLQG,R0323,6.00,1959-12-19,OVFOOD-2026-09-0323
0777147281,GCOBJGRULS2AM7YUQ7FR7ZTHLMKWDZH5WGNG7SZ4JINJ6R4BXPYGOJMS,R0324,13.00,1975-07-24,OVFOOD-2026-09-0324
254787731028,GCL6UMVBHVJRQYHU2OLG65ZWPRQFCK4D5G7N6LRCUTEQKDC5G66PXFMX,R0325,12.00,20/06/1965,OVFOOD-2026-09-0325
+254713847007,GDSQ32VNRSHNTQNBEJGBPN23CC7VCWUZQ6MP4LJ7SK2ESUKOSAAHLF3M,R0326,6.00,1984-08-15,OVFOOD-2026-09-0326
0752027914,GDJ64CJIYZQSQU2L4MVW54DZDL4GXKCGTMKNMUMIGS677JUFHNE4LUFJ,R0327,9.00,1958-01-23,OVFOOD-2026-09-0327
+254775929286,GDSJCDWLTAWTU2NNQVS3REHRCQKB4XRDFU522RXJJK6A4DURIIBWMSZQ,R0328,6.00,1990-06-06,OVFOOD-2026-09-0328
0770504083,GCF2K7MVEWDD4X24IY5XZWIYBQVXO6H55J4VV2ZU6UXL3HNADWZFSXYY,R0329,6.00,1998-09-27,OVFOOD-2026-09-0329
0731 595 132,GB3QWY2BTZKEZNQY62USUPJGWRRWDOHSMP26NDQHOZAIX3NHUMRSISVW,R0330,13.00,2004-10-20,OVFOOD-2026-09-0330
0733 112 287,GBH6E7UWOGLLUBLISKD42ZASUCF55S2FQYGDZ3L2JAZOUXLWRC2GQ7SG,R0331,40.00,1992-02-16,OVAGRI-2026-09-0331
0760620009,GAN3YDRTQVOQ53TMONC6ESVNYYQEYWXDJTCTYJ6G2FCJHTX2PHBEM5ZR,R0332,12.00,1961-06-20,OVFOOD-2026-09-0332
+254795504779,GARETJGJI3QAJG7VAZSNWNN3USAAHGES6JDU72FRJIL7T2YF5DVHDP7N,R0333,3.00,1968-09-23,OVFOOD-2026-09-0333
0765264615,GB5OIEQJURT7BQY5IGJNN6T5HLEHTTJBYVQF3GZIPEUUKPOXAN6AUS4X,R0334,13.00,1999-02-03,OVFOOD-2026-09-0334
0741114454,GDG2FZVFME6NOQPB2JIE4JE63ENSQFXT5CFWFANUVY3TDTZQPI7ZWSAC,R0335,40.00,1995-07-28,OVAGRI-2026-09-0335
+254732569491,GB6FQKBTU5CEJAKLPQ54GQUPSUBOLBFDDK2UXIITFCHKSNTRS6QST3P3,R0336,40.00,1958-11-07,OVAGRI-2026-09-0336
0775 579 687,GCJFY42EUPCLJNENCXFURXT6RWSBPF2UMRG6H5HMRIWPCQ3U2OJIRW6X,R0337,12.00,,OVFOOD-2026-09-0337
0701411940,GCIB6DCMFGDX3DWMF6KHI4MJCJC45CDIAISVSG3QAYRNSLXTKSLAVCCC,R0338,40.00,1960-07-04,OVAGRI-2026-09-0338
0783404466,GAS7VYLTD5OCYMH2IFVERPI7EPWDVIO4VEM6I2AMUHZCHE6UBU5X3NPD,R0339,40.00,1996-12-10,OVAGRI-2026-09-0339
0709697136,GCHVZAFQTN4BMP3HBRK2L3KIUUYNEU2GZUJ7XVVMW6JPWIS24WVGWVN7,R0340,6.00,2005-12-07,OVFOOD-2026-09-0340
0741565906,GBGCBEHSGDXGODFCCB5WAEHNGULVTRKERTGUCO7Y32FFD5KYFDHY2EDW,R0341,40.00,27/09/1975,OVAGRI-2026-09-0341
0774631785,GDSZSTIKZLLSHELTPOYYN623YVDW2UKSXXFB4POAWTPM2AWAKJGAB4GT,R0342,13.00,2002-01-23,OVFOOD-2026-09-0342
0743833442,GCBWHZEBVQDGFMAZAHZXQBKM6ZJPTPMZU4OFBPXMAD2FITBFYBWGQZN7,R0343,13.00,1963-10-02,OVFOOD-2026-09-0343
0727860932,GCEQQFH2D5D4Z5VATYM5GPWC5A7H77W7KEAV62LUM2HD5UH3I2HTNPXG,R0344,12.00,1988-05-22,OVFOOD-2026-09-0344
+254793976631,GB32S6I2NRI6RHHLJHNXEQRMKB3BFO2C4I5BLU2H7NRIXPAF57JDFS3F,R0345,12.00,1974-08-27,OVFOOD-2026-09-0345
0765 255 968,GBCFFR2XR76NIQJ5PY7COQ6CD23KB3AVL35RSEHBXSJFR3OR6ZP3YKFT,R0346,9.00,2004-03-21,OVFOOD-2026-09-0346
254737376312,GD44ECMKB6FWCS5HY5BD37M67TU7IPEDBR5W46K3GPGYQFD2GCUUG4QZ,R0347,9.00,2004-08-12,OVFOOD-2026-09-0347
0724 805 823,GATPQQRT7N6LZHJ73H4BCEEFV56MXXB6Z7WZ2MKTP33VGOEY5AQ7XDRZ,R0348,13.00,1993-01-15,OVFOOD-2026-09-0348
0783492321,GCRZW6TWUUEPDWNW2QBKCQMCBPD4QQYXHNVIJLNAQJCSYXECEJLIXIED,R0349,9.00,1981-08-18,OVFOOD-2026-09-0349
+254790972062,GCHBBTVRI2VWIITV6QQ2LEI3T6QFA7NUIOOBVSDX5FCU6FYHXFC2LKIN,R0350,6.00,1976-11-25,OVFOOD-2026-09-0350
254718385334,GBAV2CDAR7FIYEHV6RRNOJOJ56F5OPVWPTBPMCYELMHC5XN6BAMXESJB,R0351,9.00,1991-08-04,OVFOOD-2026-09-0351
+254794152598,GBKJBK52IISUNOIB5IB3Z7W5WUTBT4IBMTEUI6FKO32B4XZVBJBMFG3G,R0352,12.00,1960-02-04,OVFOOD-2026-09-0352
+254704814813,GAXWXV2DWHT4JXFYERZDFCHSSN2DA7WPZ3M7PU3ESUAIOVRZYZOPZE5K,R0353,40.00,1967-05-13,OVAGRI-2026-09-0353
0756124034,GDDTZ6RFRXJTNC2KCWIFKDHYOM5KSFKP5CDKPGLWNOGOAZZBSD7EA2MQ,R0354,12.00,1992-01-02,OVFOOD-2026-09-0354
0768598072,GDFH4O3VSCSLPRPJG3G7S6ZZU4ZUGNUMNSHP25XUPCJUUVY2PDZE7PQA,R0355,13.00,1979-12-17,OVFOOD-2026-09-0355
0740558369,GA3KFENBPOABAYYBCH7CBPWKSTQGNNCU2HYSMV2GGVNYZESQDFALSKSH,R0356,40.00,1955-02-13,OVAGRI-2026-09-0356
0798 406 246,GBSZ3KZUDR4OVT62JXIO6SI6TWGZK2FFO6NJE2R7QGY2MTXIYHZTXWEW,R0357,13.00,2004-11-18,OVFOOD-2026-09-0357
+254738489571,GA46KKZ4UAU7MYBRUPLT4CRUDTPP6M5CFEHNODZUOJYRLTTZ2GKK7UVA,R0358,12.00,1995-07-27,OVFOOD-2026-09-0358
+254766598726,GDRLQ6GPQ5SGJ67HFHD5JFRK5G3H6BPBACDRLMBTZKLT5HFHOFR7757S,R0359,40.00,1998-01-11,OVAGRI-2026-09-0359
254710095820,GDRQXLSYYN462ZETYFR3DAPEFF7NBQOPQW4MDFRSHQGQSRBF2DRTKJWD,R0360,12.00,1998-05-18,OVFOOD-2026-09-0360
0772 543 377,GDKNZLLJ5FLVYODKDM4BUOSP645CAGOIS5UHAROS4EI4LDIOO2L5FZ5V,R0361,12.00,2000-08-17,OVFOOD-2026-09-0361
+254792536079,GDOJIKPMAKL54FXW4G36OS3PUYXCTSNG62CU3JVJD2NPXGMGUYTZCNNF,R0362,6.00,1991-11-23,OVFOOD-2026-09-0362
0703 384 569,GAXYJVHQGEWENCFD6B5J3PXOGN5P7G27Q2HVJU4RDV7CL6Q7BSZJJYC5,R0363,13.00,2005-12-23,OVFOOD-2026-09-0363
0740191262,GDYUDRK7X4GLJTO2WCYU2YOGOX67RYKKXPM46HOI2ZDKADBDLS7UNWDO,R0364,40.00,1992-04-10,OVAGRI-2026-09-0364
0738 200 489,GBHU6E3SFWK2CJ3F2XXFHIDI3NSGSHBXGU4AD7WT2WK5USZFCPFNB73R,R0365,6.00,1974-05-02,OVFOOD-2026-09-0365
0742506498,GC2DJKGIJ3BW32RQAVU77NVQXBBYEFCUX6T43CO4VYRAQ733JPSOBH7N,R0366,40.00,1961-11-03,OVAGRI-2026-09-0366
0760448951,GDK6DRLPDEEZTQEPXSK5MF5QOHAK2EFIJEKVBMVFN4GKG7HOIIABW3TE,R0367,6.00,1968-06-20,OVFOOD-2026-09-0367
0729559841,GA3RNUFYWBQBFV23JGFZATFHDSIOSAKGDJU64VO4SOXA2FXH7EEMGKMS,R0368,40.00,1983-07-24,OVAGRI-2026-09-0368
+254704917931,GAUT66Q75IMGURZJG6ETPB5OKKQUCL2K7ZKYQ5E57RS7VXYZ7XEIAO4J,R0369,9.00,2004-10-13,OVFOOD-2026-09-0369
254710087478,GDBQCG64UZPBVRSOIKREIRILWJ5LQGZSIMUCWVWH2YWDJM2JC2MAB3XC,R0370,9.00,1988-11-26,OVFOOD-2026-09-0370
254785809022,GAL7QJYI5UWOASAU55WOPD73JRH4QBBUZFWOLQFVD7CTO7YQBG3W2N56,R0371,13.00,28/11/1974,OVFOOD-2026-09-0371
254707922362,GD5ISPJQRVIWB6E5XFAP5Z6KSCHWKZGGXPCKSK6PVYIARXFI4RVUW3D2,R0372,13.00,1979-08-11,OVFOOD-2026-09-0372
0799 335 731,GCTDHFNFT3GA7XQT5KV5BQEPMW7DRQWPBRDFJBOCXECW7FJOMTDX4V7V,R0373,40.00,1973-06-28,OVAGRI-2026-09-0373
+254752949477,GD7PZNZVBNROVOMYQWZZ6DAHD6GLI4GU2QKCXFKCAZXHKMFUN4S6V2MX,R0374,3.00,1997-09-01,OVFOOD-2026-09-0374
0703840727,GD76HEMWCZVLGITJSYBBUEPMZZNCB4VTF2PLHTXP55XBRH4KORHBZZRC,R0375,40.00,1955-09-10,OVAGRI-2026-09-0375
0774835803,GDMZHCC2IRS7MD4M7CV2B3ABKW7KQ6CGQ3UEIVMBBBZA52UWWCJ567AN,R0376,13.00,1985-04-23,OVFOOD-2026-09-0376
254753696319,GCVJTKFTWETXM57G5OU6JGCGYNRCWRD2T4RHOMN4CIJFIFNHGOLQHBPJ,R0377,3.00,1979-01-19,OVFOOD-2026-09-0377
+254760409986,GDVTDNQZALTC6XQ77IZWGDRZYPZXOXVZ7LFDMV3VVHT36ZSJDRW4ENXV,R0378,12.00,1993-06-03,OVFOOD-2026-09-0378
0792251943,GCP62EQNSWD7V6JBVD4TSUVILHWUMPI6UERMPRZDYCUARZ6HDMNFUSFA,R0379,40.00,1987-02-19,OVAGRI-2026-09-0379
+254782059955,GBDAEUTK3JQR5KWD4X4KO7A34XIY2R5DY4ZUYYWKVEJUU6DM5ZIUJA7U,R0380,9.00,1983-04-05,OVFOOD-2026-09-0380
0780 994 766,GBSWAA4GWIMM4MZ2SFL34S2QJIVC2F6QKXECXOXDLJ6SQ3GZG4GDTLFU,R0381,13.00,1966-02-04,OVFOOD-2026-09-0381
+254780309423,GAFRK27XN2DIEDLC3YMRPTKNWIM5JUBW73RPLQWTG6CQKMW4X573QID5,R0382,12.00,1969-07-14,OVFOOD-2026-09-0382
+254731701334,GCWWGV35CQKYQUJOEUM3WBE2DXYDYSDBFPASG4GFAUDXXJAJ7FZIQX7G,R0383,13.00,1995-06-14,OVFOOD-2026-09-0383
0773592772,GCR2H4YY2AGDYEU7Q6YWHKBYFHDJ7VQXXNFDDX67TJQGYPTICNZ3BLNI,R0384,9.00,1989-08-13,OVFOOD-2026-09-0384
0779 207 845,GBF3PNMTXADHOTE47HTS74UEW6FNAFKSB6NUTECBJBFAJY55LMBHSMPU,R0385,13.00,1986-08-28,OVFOOD-2026-09-0385
0707679837,GDEMMOT4OV62HNUNDM2VBMDBHPTHLX2TUJRRARFDNFLPOD5CX3OUXJGI,R0386,6.00,1958-06-18,OVFOOD-2026-09-0386
+254780675203,GC65XQMXOTSZMGP3E3NHEOLASY3W3AQMHCANIQTHISZYHXZDART2IU4Y,R0387,40.00,1967-05-21,OVAGRI-2026-09-0387
0772483671,GCEHMRQIMV36JYINZYJJRSQCCTRWNN7KJLN4NDIVQ3MT7U7NX4LAHSXV,R0388,40.00,1998-07-18,OVAGRI-2026-09-0388
0754899936,GB2EV77HD2FJTHLGLAHOTZMUTVXFUAJ3HE53X5LJSLQJK7ODXXHUKIOA,R0389,40.00,1963-05-22,OVAGRI-2026-09-0389
0792 853 992,GBNFC56HIPW2HBRTTWPLKA4DUMM63E2EPYIOSQA3EGC4FW37DUGVZ7BV,R0390,13.00,16/05/1979,OVFOOD-2026-09-0390
0711 328 001,GBC73FS4SHQQVQBUDMHRS56EAZTR3JPJ4GQLJLCYQMIRUDXIKA5RAQIP,R0391,13.00,1960-03-25,OVFOOD-2026-09-0391
+254763724352,GBKEOB25OS56BQEE33IJ764QDCMUYYWF2DIHGBGFHTZQX4FO33HZ6LOU,R0392,12.00,10/11/1997,OVFOOD-2026-09-0392
0790754818,GC5U2CH36DYE7C7334PBIC6PEPG6BBQABESGZ5YK4QMFXG36F3XNQMWS,R0393,13.00,2001-11-11,OVFOOD-2026-09-0393
0705 483 131,GD4GYB6WMWEOVCDJWLACWSV2YKCX2T65G7ZNAFI4ZDOFJNI6CUVY5HQU,R0394,13.00,03/06/1983,OVFOOD-2026-09-0394
0770 548 085,GDTWZZMKVOSZLMYOYFKMXMVFJWRSSZQZ6AOEASWTMPO345J3E3QDADCB,R0395,13.00,19/10/1966,OVFOOD-2026-09-0395
254722709531,GADMT3GVG4N5F4T2SJM3HRTTJQAWLACI7AQP4S4UCF3RBW4GVDHCHL3F,R0396,6.00,1971-10-26,OVFOOD-2026-09-0396
0738 851 303,GCTT5GS6PXT2BHZKXU4ATUHFDT5MXKPNEF5PDAE7AYYOMKFJVF43T7QJ,R0397,13.00,16/11/2005,OVFOOD-2026-09-0397
0796 540 386,GB2JAHXEKR3BOI2XECSNRPGCJTH7WYVFQMGD7OG35STYUEW2NLZ26Y2Q,R0398,12.00,1988-11-12,OVFOOD-2026-09-0398
0731 398 363,GAJCZ52VC4DUZF25E7E4JBEUMU5MI67FOXD4CV74VWHYKLTA3ZMPK26H,R0399,13.00,1968-07-08,OVFOOD-2026-09-0399
0755368024,GALS5SNUFEMZ3RLLW4DAGT77LJ7PLLAMQ2PLUWWOLSR7M7W3SBXGTJHG,R0400,9.00,20/06/1988,OVFOOD-2026-09-0400
0777179517,GBXNEBMLQHKVG6IOGWO2HIX7IXT2P43HRBBBO47JJTHKZH5LFDWSN6R5,R0401,13.00,1983-09-26,OVFOOD-2026-09-0401
0708231094,GDIKYFC76OSDGZULQM2BXICJPT4CYXCGPWNPX3OI3S2NPKI22MJQHOKN,R0402,40.00,1974-11-19,OVAGRI-2026-09-0402
0736942598,GCFOVAOSGYWX63DYAKNHUUDGVPXJTQEZU7T7EAQTZGOHG3QN4N32X6X3,R0403,13.00,1964-12-13,OVFOOD-2026-09-0403
0761509931,GB6A6EZB7M6VTMOJ7AJH4UC5CX3ZH2TP5OJFUT5PBYUOXLN7FWJR6S4F,R0404,13.00,1963-12-09,OVFOOD-2026-09-0404
254738139281,GAJSGLT5KXV4FYCFZCKLGCUSYCE6X2AQQGNM2AHAWNJLUQ2MDA5PAEX4,R0405,13.00,1994-03-07,OVFOOD-2026-09-0405
0713 361 788,GBMXIMMG5SRSDTJ3PQTPDCJJQDSVBCP7IWBSOI6YWROJWLFJLYHBT3J3,R0406,6.00,1981-05-12,OVFOOD-2026-09-0406
0780 666 196,GDGOVMIDR7HDUGRVCJZHR4PBV4PMHB54DFCCDRV6B234HS5T7LUT3JVA,R0407,40.00,1989-06-09,OVAGRI-2026-09-0407
0740284388,GDIKMOISAFIPQTLQI56GW7PHPMI6T2I7L7RQRPZF3UJRUFCIL3TZVIAJ,R0408,13.00,1988-05-03,OVFOOD-2026-09-0408
0770016553,GBBKFY2GMCKNW6SDJVNTW5WQBQ5BN4SH73QUWMH6R4NVSFLAXWWEQMNW,R0409,12.00,1972-08-11,OVFOOD-2026-09-0409
0778 180 831,GAWR66XNXSWIPV2LNVQCIPQUB57U2V2A4DAAFZYQRMK25O3LQIC4IW3P,R0410,9.00,12/01/1989,OVFOOD-2026-09-0410
0723 222 986,GA4L3WSRC5YJLHO2GCJLWB6ETVU5YNVTVITFQBV5YCDQF7H5GC6QPYJ6,R0411,9.00,2006-02-05,OVFOOD-2026-09-0411
0742822324,GD42GQJGECQP5WAEPA5R5KMO2WMP67JCKDBCQNLBQX7YSLHABFZ35JKW,R0412,6.00,2002-11-23,OVFOOD-2026-09-0412
+254748835335,GDPYILLZ57SPB5YRPWIVBWUBDDID22LGGZGFJX7AWTTHPFE5OWUZDVMQ,R0413,13.00,07/04/1991,OVFOOD-2026-09-0413
0768190191,GA5OBUL7PDZLFEZ56HCD7LMPYHQJMD2QTU4DZJOKN7YURYYJQ7BH4QMJ,R0414,12.00,1982-01-14,OVFOOD-2026-09-0414
0718432185,GCON3KQRDP6KTNK5UD3VVJ6ZUYCN7BSZX76I6GEQMLMCVMWLHSPYT62J,R0415,13.00,1964-12-10,OVFOOD-2026-09-0415
254749525422,GCYE2IHPZ745OIMY2J5R4JB2WKFPEKM35PZ7GBNXFEKVJ27OMQL2MHQS,R0416,9.00,1977-11-20,OVFOOD-2026-09-0416
0714193024,GBOP4WXVBA4BW6NKJNKC5PXYGPQQNIVRDQPQ2AOCRBJNEM62EQJ3GUIL,R0417,13.00,,OVFOOD-2026-09-0417
254783506766,GB7WCJBXJWCRFEDVX2KI2ZVKTD7ULPKMDKFGUB3YLA6L55SGFUETEJEM,R0418,40.00,1985-06-19,OVAGRI-2026-09-0418
254758734203,GBY63G63LLM72FJMINATOWLNBPAHDJDWFAIPUQ3ZDHLZPMBKEUMSLOSN,R0419,40.00,1977-10-16,OVAGRI-2026-09-0419
254799014640,GAJZLOD6BSQCTIHQ5FOSP4A272NKPUPBL7EHEMCCDC32ERDXWT5Y422F,R0420,13.00,26/10/1999,OVFOOD-2026-09-0420
+254730346417,GDRZBH7NYFZYC77JVUGNVCK46ASDO7HVVPORK7WHQM3CEJKOPIO5KUFQ,R0421,13.00,1975-11-03,OVFOOD-2026-09-0421
254726613040,GCGOYKRXEEZEGA5EHDZBG4BOKCZR7GWN4QOW3YTTWUIZ3ZQIKMDKGQS2,R0422,9.00,1998-04-09,OVFOOD-2026-09-0422
+254761468138,GABX6DSABVDV4EYZUO4SKYBO6YRCZV4NNYFH7SLD27ZC3IOZAONOSTGB,R0423,6.00,19/08/1974,OVFOOD-2026-09-0423
254791416274,GB34GPN3QKKSTDEB62QUUCXRP3PSWBWLJISSJFFYMG7EERF5JADYLSIM,R0424,6.00,1999-09-01,OVFOOD-2026-09-0424
0725539568,GDR65P773B57SCCQRANT35L4M2B32KYHKE22QIVTMN53ILQQVCV4OMI7,R0425,13.00,26/10/1963,OVFOOD-2026-09-0425
254712105339,GAPO3IDHNHZFDQFXETEBRDDRHSAHYKMKFYTITBYGWNUNEILB3LSDNH5C,R0426,13.00,1973-11-14,OVFOOD-2026-09-0426
0768899677,GAYHV4VRGQSL3AC3J66MICYMGA2SLHFRSCVPGUD7PM2SDMQW6E3QXRSK,R0427,13.00,1999-12-03,OVFOOD-2026-09-0427
254765855055,GBIP757XFUSFOPFUZMVZCMEJADOI2WCU7Q5LDTDWMOA7XQIZPPE7ORFA,R0428,9.00,1963-06-04,OVFOOD-2026-09-0428
254712775695,GDC4UY2YJT7EU6MPNQ6HKRQKKTOCJ4MIRPMF5XEILDD34KRBFALNKPCQ,R0429,6.00,1974-09-28,OVFOOD-2026-09-0429
0701 215 064,GAE4ES7FJWPXUBQBPVJC767WDEL7BNL2475VOEWTJE32QNOXPMBQHNVH,R0430,9.00,,OVFOOD-2026-09-0430
+254722212381,GATJJGUPPYWV22TYD5RM4WOHEKGK42T5TI54WYNOWUCKNFRVWGJP6HYU,R0431,6.00,1988-03-13,OVFOOD-2026-09-0431
254732148265,GA4HR3CMGMJ3JDIAUQKEXVX4HJCM5UI3COWIPCIBB3EPRG3KLYZ4ZANC,R0432,40.00,04/03/1968,OVAGRI-2026-09-0432
0743801591,GB5UVZBOGYU7XN65N7SSAWXYWSFTG3VI6D2LPCAHDFEW527MYW4H6PLR,R0433,40.00,1958-09-27,OVAGRI-2026-09-0433
0722978377,GBZGNFVXYEQ7VHCUX5LCU42GM7VYHHVOJ5YDEFCEW2FA7XUEZBAM44LX,R0434,13.00,1990-07-02,OVFOOD-2026-09-0434
0743589145,GCDGZQU4CSZN3GOQZ3OJAXCNFMRENTDJNZBX5EJQGL4ZU7PBE6NKY5L7,R0435,13.00,1963-07-22,OVFOOD-2026-09-0435
0780223085,GA5VJRSKHYACEMLWKBALBFGTDIRWMQHVL245M2DKVT6OZ247VLD333UK,R0436,13.00,1985-01-06,OVFOOD-2026-09-0436
0792424915,GCMLXHRTGBAHMYXIZYD5IDMDH5BURWDL4DF5JTWV5LPTDNVJEAY6H6NU,R0437,12.00,1973-02-05,OVFOOD-2026-09-0437
254734873119,GBUHZJAYUSLQAXLWJNZVSXRU37JYV2GLJ6KDJLBYAVRZ5NZYZ4AW5MI6,R0438,13.00,1989-12-21,OVFOOD-2026-09-0438
0700 994 533,GCXN4YSYZOM6Z4GGVRKMD7FAWP4D27QMJPCABRLMWWRDSS6GFI3O6RMI,R0439,13.00,1968-11-11,OVFOOD-2026-09-0439
+254719041339,GDV4MB7MBYDVAVGMYAUINAW5XZ2PA7VBVSTIQO3UGG2VZHLA24L3PBO3,R0440,40.00,,OVAGRI-2026-09-0440
0759 272 886,GDBIMMKHURL5ZPHF4SNSPBT6BE2VKJ4CMTWFXYNDD7JFF3P24ASD6QUC,R0441,13.00,21/06/1962,OVFOOD-2026-09-0441
254741114454,GBGN45GOISLWHCA65LJIY5NXPOEF76433IUSDSGMOUCJ7HZHWIHN5HHI,R0442,40.00,1995-07-28,OVAGRI-2026-09-0442
0716926380,GDVFCF34MIDLLRXGBJYZBKMQAOIEKFI67ZEIW4COSJ7MHYNNDT2AHSAV,R0443,40.00,1959-03-23,OVAGRI-2026-09-0443
254732670805,GDVEMRELFXFR5IDKXITIVSM7NLNUQ55Q6R3CXN6VRXCPHQNJXBEANDP4,R0444,13.00,1965-06-15,OVFOOD-2026-09-0444
254741741113,GCDGENQQZCMB7BDBTMJH5KGVIXPXB3EIGO7LF5FYMILE72XV3ZPLMC2Z,R0445,9.00,1970-02-09,OVFOOD-2026-09-0445
+254759335097,GDPT36O7JKWL4ZMKDN6FZPIMSYMBOSX4OKQKI5KBKMTIQAAFBPGHPL4J,R0446,13.00,1983-01-28,OVFOOD-2026-09-0446
254750588591,GAGMAEWS6LA3EJRKLHC5KFAKRO5MPVIJJS4HV4B6XLJLTBBEJ4BBMR7Q,R0447,12.00,1989-01-14,OVFOOD-2026-09-0447
0786 825 990,GAASOSPHLBOD7GM6BKXMH72EIZ3I3ULMYMYBB44XRL4T32C7IWODKBAE,R0448,9.00,1993-05-17,OVFOOD-2026-09-0448
0758 261 967,GDEB5P6BBSJVYRASYGZORT75IQ5SHHU2EX2PNCED22JMUDM3NFX2RHUJ,R0449,40.00,1961-08-27,OVAGRI-2026-09-0449
254765972298,GBD4YQFYWQ7F2WSLSNYPZBTGIDWZIXB2QC5MSBPI26TS4B5UGKCTXQQO,R0450,9.00,1987-02-12,OVFOOD-2026-09-0450
0705548332,GAQ24DVYUGMO2GZKM7IGVSVAYOWXBPVQ2FTW5HB2SMMRZ6ANHSWTANGS,R0451,9.00,2003-03-12,OVFOOD-2026-09-0451
+254751671214,GAJA33R7K5NVWELF3W36NMSFXTPTMC2B6CM73D643VFUYBZB6XK7WK4W,R0452,9.00,1971-04-09,OVFOOD-2026-09-0452
0769145316,GAHO3U2Y6CLJRRP3F2Q5AMXC7CZRK6CCRQZJC7PIWTBZ24LWHLLLUXKG,R0453,40.00,1966-08-05,OVAGRI-2026-09-0453
0737941168,GBDVFGTSGDZN3QK4OBSNTZVRY53MYTQVUE4OS7QWKF4JO76OJPAQIGJG,R0454,12.00,1971-02-13,OVFOOD-2026-09-0454
254773349200,GCNZFPRW6F5X453H5RIL344LCQO7ELLRBG2X7J6EDRIAAQS655QE225S,R0455,9.00,1970-08-02,OVFOOD-2026-09-0455
+254754311603,GC635BVD4AEQ3NDHADPDYIJYZJKMRFJOQIZZ7LVDNLL2EBVIXPKONKTE,R0456,9.00,1986-06-19,OVFOOD-2026-09-0456
0761 645 069,GCZ7GVRI7BWYZ7M7AJUSMKIZX2UIWQX2BZ6RKZOZ5FUNBZRNC7U3GQU6,R0457,13.00,1977-08-20,OVFOOD-2026-09-0457
0740 724 790,GA5BZHC3WJUT4I3WI4JZFVWMS6AYIHC3XFEFU5YUPDEGFO2TOTHUSP62,R0458,40.00,,OVAGRI-2026-09-0458
0790447590,GB4JSQB57BAS6VVXBI752GJO4XXRFQJYV44QSDHCJADITZKGHRZM777V,R0459,9.00,1975-01-11,OVFOOD-2026-09-0459
+254780307544,GDKHODXRXYNSQEETGWLRFLSHCJ6WRMNRIUZLEPYUTS4TEAUCHRKOR46D,R0460,6.00,1996-12-15,OVFOOD-2026-09-0460
0711131436,GCDXJMLPNXNR77AXIV4MAIMFWNWWXK4IMMQF4QGWUA7VIZEZEOIRH7I3,R0461,13.00,1959-12-10,OVFOOD-2026-09-0461
254736621992,GAR5W55ILJJXKQFKFD3WLECAQQUQ4I6AIXMCJRBHML3O4NAIVVMSRNT5,R0462,9.00,1967-12-22,OVFOOD-2026-09-0462
0719877374,GDITGYTN56V3EGMOXVBW3XVZIXK7M33FUZPC4S3LEC3LLFOCU6N4I5H5,R0463,13.00,1982-08-05,OVFOOD-2026-09-0463
254700994533,GCLMAFIRO6JSH4VE5NZRN25DQAILOLWMVWH4532URJ3C2O77JGPBP5C5,R0464,13.00,1968-11-11,OVFOOD-2026-09-0464
0796 512 097,GCPTN7V4WWCBE4ENQMVHTJ7S4Y6YB77JWZDE3KSW75G7HP5W4AORDZZ7,R0465,13.00,1982-10-23,OVFOOD-2026-09-0465
254787181597,GBVMMCFX42P5W43S2JKURIKRGPVCZXR3GWCSLWOBZGZLNQCB3ZDTCUQV,R0466,13.00,1999-03-10,OVFOOD-2026-09-0466
0761705916,GDRBHFA6FDL6PS7FBD33YIQXUMX2KR2ML2A7M6ACRUKXMBFGF3CYZX4I,R0467,13.00,1965-08-09,OVFOOD-2026-09-0467
0724487310,GB3LHRCQUAR7MXEFLPP6N2PF4CGUJBEEMJXQVURWCIEMRE2N2PELCCRI,R0468,13.00,1988-10-20,OVFOOD-2026-09-0468
0761495297,GCCNVXEHPYC3YHQCM54XM4Z77FNYATP2ZGKKCO47GCUSASVUA4UFFZVX,R0469,3.00,1986-06-05,OVFOOD-2026-09-0469
254762615618,GCIGE2EJ2CE2Y3J3EYQRPLG5YFV2PSWPA5FMNMGZ7HBE7ONWCDI6DJKB,R0470,13.00,1988-01-23,OVFOOD-2026-09-0470
+254749463806,GBQJ4SLD5WP52DPVPWL3C4EOWXY3HWELA7C7NLZ5ZWPSZVAWUC2ALGQ2,R0471,13.00,,OVFOOD-2026-09-0471
0719194364,GDDVMZM33AIZRQFNQPZMV3XVTVC7UYXS7IG3ROQPVNZDKPZBGXS25Q5V,R0472,13.00,1983-06-08,OVFOOD-2026-09-0472
254740260108,GD4E3MW3DIZB72WFUPBJHTJO3YU6MVTWEH5TJPFUQDYKYX3XLQCDPDE6,R0473,9.00,1973-03-27,OVFOOD-2026-09-0473
0770 110 949,GBYDLWC25C7LSZJSXCMSI77ORHG7RIVFOMDK53N6JDSOWYSIEDDZIZX2,R0474,12.00,1964-02-15,OVFOOD-2026-09-0474
0777528046,GAKYFOR7Q3J5H7QWJ4C2D2H4KQLW4BRYJPNYYTEVLRFXQJJI7PNHKPMS,R0475,13.00,1984-04-24,OVFOOD-2026-09-0475
0735972973,GCJW7SPAWE6RKZWEZH7TIB5K5W4J42PN36Q3WLDFOS6SENQWHWELYUDW,R0476,6.00,1994-06-12,OVFOOD-2026-09-0476
0702911552,GCVDZM3GNGKMFIZL4HDBC7ZV2QSCG7FA57DGIC27KO7CZFIHHTIMQKQD,R0477,40.00,1989-10-01,OVAGRI-2026-09-0477
0756503533,GDNWYHGBDUN6RIP7WEY6DVB42OMDVGXJQC635M5RVIMZZWL2S6RCLISV,R0478,12.00,1959-04-14,OVFOOD-2026-09-0478
0794 539 123,GA4HSYH3HVIC7IOMK3WQPWGFOWKSFOR2KVCJH2AGLGUBUQ2E6BQR3IPB,R0479,12.00,1981-10-22,OVFOOD-2026-09-0479
0792 627 973,GCWMDJD6UBFWGIGFMA3MUWVULK7VZORW5BYGOAIY235YY4CM2ZZWFHII,R0480,9.00,27/03/1991,OVFOOD-2026-09-0480
+254782079573,GBSVDHVNUC72FQHLSQ4VFU7LW42S23F47FLQW2VH6AJJITJEFNVUKO6Y,R0481,9.00,1989-01-21,OVFOOD-2026-09-0481
0748 263 226,GCBDEFJ5QMZK77NPPRHKOTW2F6W2YFMNNYNMNBOM7MCRWKQSSO5NAHE4,R0482,12.00,2001-06-16,OVFOOD-2026-09-0482
0717185267,GAOLUMVYYOQ7YFP4OWTGODMBAIGQW7VHTKNTLADLYKI4KKDYPUKWFZ3C,R0483,12.00,1979-02-08,OVFOOD-2026-09-0483
0707665255,GDVTPTVPGJDOP6S375OTJVUGUY37JRLSGB5KG44QFJQOX4CZB3KCZYOR,R0484,13.00,1962-05-17,OVFOOD-2026-09-0484
0724 953 681,GDK3FBY5GPQW2HIVFWXYJ4O3QNGDFTIKQJNDHH7QYDMJEEPLGSBPQEFJ,R0485,13.00,1992-06-01,OVFOOD-2026-09-0485
0795862992,GBTX34FGMJU6CZD7J4K4WBFOBHNCPQHTD56EPOPHMP4YUM2Q7DIH2PBQ,R0486,13.00,1998-05-06,OVFOOD-2026-09-0486
0745270625,GBP5DDV4EKS7IN3YOYCGMGFRHDAKYEF7KD2UACB5JILCD7HSNZCLMI3O,R0487,40.00,1959-06-17,OVAGRI-2026-09-0487
0783753890,GBCHYQXYXOT3RKIVSZZD67OEP6RSJYSOUPKCSWKCGXQDG7E3MUVO4OV7,R0488,13.00,28/04/1995,OVFOOD-2026-09-0488
0748493369,GDK4KMB5QDJPF7JUE6FELOEPK4E6VKO2MA3YVB624CT4YTXXTCEYT3SJ,R0489,3.00,,OVFOOD-2026-09-0489
0734 149 042,GCIUDQRGGF4VMXA4BOMFNAFL3T3GHX5QFYZDRANF2AX2EGXCTUPKYO7K,R0490,13.00,1993-10-19,OVFOOD-2026-09-0490
0733863153,GDPDBNIAW4OA45GYCHGPUSO2TLDQRNTS4CGNM3DBD3VJIWS4AE6H2K57,R0491,9.00,21/10/1972,OVFOOD-2026-09-0491
+254759425637,GC42RNTGJP7CTDRIIKN6FWKUQO4V32G7T6SUAXYQG73G6J37RS3433FB,R0492,12.00,1989-06-19,OVFOOD-2026-09-0492
0712240421,GBBNKXBXODSP6WIRZ2ACW6Y5IKI7MTLF5JQNQZBEMNGF53JYJWLGMXGB,R0493,13.00,1969-04-07,OVFOOD-2026-09-0493
+254785412796,GCA6A5UA2QH6ZXE3HN7HDLJ3OOKFGVTVAT63ISI7BZNEQIQAWJDNBVUC,R0494,13.00,14/07/1982,OVFOOD-2026-09-0494
0777430183,GALEL5PIQS653QI6P5C6YULH3L45JKQOSUV4LJRN4OQUYPYXQFZLAYBT,R0495,12.00,1995-12-21,OVFOOD-2026-09-0495
0723711607,GA4BOBWHO5GVIAZGVJECVSZDHK7OZ5TXIIZSIYSTW7LFA6RRG7JSZIU7,R0496,13.00,,OVFOOD-2026-09-0496
+254736578875,GBQIPX7OM64E7LBXCCKHONYO2BHRJIYVMMIPQZAM3CS42MM3XDNCYHEN,R0497,12.00,1997-05-19,OVFOOD-2026-09-0497
0714681338,GAFHXFLBYDUMHI5SDFTM66ENJ4F6JVV5PMEQGK7EBYKTX53LFNXPO3CV,R0498,12.00,,OVFOOD-2026-09-0498
0799169641,GCUQ57B7QPYOUTMVAXIYP33GEHVDQA7RPEDSBC4GMRFSQKTUHOTBEQTA,R0499,40.00,1993-04-23,OVAGRI-2026-09-0499
0749 711 016,GA2IZEBA6KCHZC2LM5KS3Y3F4B7POL3KU2VKY5DWOTITG5PD5GVAATZK,R0500,13.00,1978-10-23,OVFOOD-2026-09-0500
